Timestamp,Object,Confidence,Count
2026-05-04 20:44:53.675184,person,0.5941746830940247,1
2026-05-04 20:44:58.443711,cat,0.5532097220420837,0
2026-05-04 20:44:58.821489,cat,0.5370498895645142,0
2026-05-04 20:45:01.399533,person,0.7072470188140869,1
2026-05-04 20:45:04.715813,person,0.7718698978424072,1
2026-05-04 20:45:05.262452,person,0.6505429744720459,1
2026-05-04 20:45:05.595807,person,0.6437318325042725,1
2026-05-04 20:45:06.048197,person,0.8726246356964111,1
2026-05-04 20:45:07.007035,person,0.8836383819580078,1
2026-05-04 20:45:07.704340,person,0.9238502383232117,1
2026-05-04 20:45:08.174180,person,0.9257323741912842,1
2026-05-04 20:45:08.672104,person,0.934097170829773,1
2026-05-04 20:45:08.970763,person,0.9212251305580139,1
2026-05-04 20:45:09.280180,person,0.9126268625259399,1
2026-05-04 20:45:09.573742,person,0.919548511505127,1
2026-05-04 20:45:10.206886,person,0.9125698208808899,1
2026-05-04 20:45:10.670233,person,0.859453022480011,1
2026-05-04 20:45:10.971965,person,0.8989925384521484,1
2026-05-04 20:45:11.247110,person,0.9253993630409241,1
2026-05-04 20:45:11.540817,person,0.9195834994316101,1
2026-05-04 20:45:11.820821,person,0.9134884476661682,1
2026-05-04 20:45:12.259191,person,0.9240922331809998,1
2026-05-04 20:45:12.577854,person,0.8926928639411926,1
2026-05-04 20:45:14.333943,person,0.5863974690437317,1
2026-05-04 20:45:14.904576,person,0.7007331848144531,1
2026-05-04 20:45:15.218054,person,0.9113760590553284,1
2026-05-04 20:45:16.290994,person,0.9059463143348694,1
2026-05-04 20:45:16.690095,person,0.9028521776199341,1
2026-05-04 20:45:17.217530,person,0.8998887538909912,1
2026-05-04 20:45:17.735028,person,0.8687065243721008,1
2026-05-04 20:45:18.262711,person,0.8973826169967651,1
2026-05-04 20:45:19.323670,person,0.8728936910629272,1
2026-05-04 20:45:19.949977,person,0.8489493727684021,1
2026-05-04 20:45:20.542163,person,0.8549999594688416,1
2026-05-04 20:45:21.138709,person,0.8730171322822571,1
2026-05-04 20:45:21.856180,person,0.8493673205375671,1
2026-05-04 20:45:22.468541,person,0.857440173625946,1
2026-05-04 20:45:23.004945,person,0.8968549370765686,1
2026-05-04 20:45:23.578384,person,0.8656079769134521,1
2026-05-04 20:45:25.307511,person,0.9080312848091125,1
2026-05-04 20:45:25.591118,person,0.9045697450637817,1
2026-05-04 20:45:25.903710,person,0.9091184735298157,1
2026-05-04 20:45:26.170820,person,0.9071738123893738,1
2026-05-04 20:45:26.616229,person,0.9043518900871277,1
2026-05-04 20:45:26.988077,person,0.9054873585700989,1
2026-05-04 20:45:27.253810,person,0.905994713306427,1
2026-05-04 20:45:27.678434,person,0.900990903377533,1
2026-05-04 20:45:28.301214,person,0.9085777997970581,1
2026-05-04 20:45:28.706715,person,0.9123554229736328,1
2026-05-04 20:45:29.083908,person,0.9045345187187195,1
2026-05-04 20:45:29.547219,person,0.9125978946685791,1
2026-05-04 20:45:29.826007,person,0.9062581062316895,1
2026-05-04 20:45:30.381941,person,0.9067926406860352,1
2026-05-04 20:45:30.721303,person,0.9064872860908508,1
2026-05-04 20:45:31.297641,person,0.9093245267868042,1
2026-05-04 20:45:31.567907,person,0.9121513366699219,1
2026-05-04 20:45:31.875888,person,0.9003190994262695,1
2026-05-04 20:45:32.148205,person,0.8646620512008667,1
2026-05-04 20:45:32.441513,person,0.8821149468421936,1
2026-05-04 20:45:32.881183,person,0.8488810658454895,1
2026-05-04 20:45:33.294804,person,0.8577501773834229,1
2026-05-04 20:45:33.560518,person,0.8904414772987366,1
2026-05-04 20:45:34.284884,person,0.8935816884040833,1
2026-05-04 20:45:34.568182,person,0.8833191990852356,1
2026-05-04 20:45:34.951034,person,0.8828884959220886,1
2026-05-04 20:45:35.521205,person,0.8885125517845154,1
2026-05-04 20:45:35.831579,person,0.8859482407569885,1
2026-05-04 20:45:36.201456,person,0.8974531888961792,1
2026-05-04 20:45:36.542542,person,0.8456345796585083,1
2026-05-04 20:45:36.851885,person,0.8767691254615784,1
2026-05-04 20:45:37.389397,person,0.9143708348274231,1
2026-05-04 20:45:37.809271,person,0.9051004648208618,1
2026-05-04 20:45:38.071971,person,0.8982688188552856,1
2026-05-04 20:45:38.375576,person,0.9087033867835999,1
2026-05-04 20:45:38.857319,person,0.9003682732582092,1
2026-05-04 20:45:39.334719,person,0.9127045273780823,1
2026-05-04 20:45:39.659224,person,0.9035309553146362,1
2026-05-04 20:45:40.240354,person,0.9110727906227112,1
2026-05-04 20:45:40.951735,person,0.8894503116607666,1
2026-05-04 20:45:41.320939,person,0.8879981637001038,1
2026-05-04 20:45:41.923448,person,0.8947321772575378,1
2026-05-04 20:45:42.283611,person,0.888400137424469,1
2026-05-04 20:45:42.580835,person,0.9170675873756409,1
2026-05-04 20:45:43.416816,person,0.9125621318817139,1
2026-05-04 20:45:44.219170,person,0.9133720397949219,1
2026-05-04 20:45:44.679073,person,0.9163343906402588,1
2026-05-04 20:45:45.083655,person,0.918773889541626,1
2026-05-04 20:45:45.383724,person,0.9125210642814636,1
2026-05-04 20:45:46.352615,person,0.9029463529586792,1
2026-05-04 20:45:46.650154,person,0.8889369368553162,1
2026-05-04 20:45:46.992507,person,0.9169899225234985,1
2026-05-04 20:45:47.345805,person,0.9076446294784546,1
2026-05-04 20:45:47.705138,person,0.9184978008270264,1
2026-05-04 20:45:48.094312,person,0.932468831539154,1
2026-05-04 20:45:48.357693,person,0.8562373518943787,1
2026-05-04 20:45:48.665227,person,0.8583178520202637,1
2026-05-04 20:45:49.434519,person,0.8948546051979065,1
2026-05-04 20:45:49.786048,person,0.9283578395843506,1
2026-05-04 20:45:50.043175,person,0.908004105091095,1
2026-05-04 20:45:50.386946,person,0.9049555063247681,1
2026-05-04 20:45:50.884105,person,0.9050372242927551,1
2026-05-04 20:45:51.577931,person,0.9128422737121582,1
2026-05-04 20:45:51.951618,person,0.9105972647666931,1
2026-05-04 20:45:52.479715,person,0.9138111472129822,1
2026-05-04 20:45:52.888459,person,0.904926598072052,1
2026-05-04 20:45:53.186626,person,0.9100394248962402,1
2026-05-04 20:45:53.460764,person,0.9071127772331238,1
2026-05-04 20:45:53.830546,person,0.9078595042228699,1
2026-05-04 20:45:54.159148,person,0.9130931496620178,1
2026-05-04 20:45:54.659695,person,0.9029120206832886,1
2026-05-04 20:45:55.290434,person,0.9101060032844543,1
2026-05-04 20:45:55.859870,person,0.9072533845901489,1
2026-05-04 20:45:56.305063,person,0.9157166481018066,1
2026-05-04 20:45:56.788966,person,0.9146942496299744,1
2026-05-04 20:45:57.225993,person,0.752675473690033,1
2026-05-04 20:45:57.585519,person,0.8211328983306885,1
2026-05-04 20:45:58.489060,person,0.917536199092865,1
2026-05-04 20:45:58.980092,person,0.8931475877761841,1
2026-05-04 20:45:59.291672,person,0.9142054915428162,1
2026-05-04 20:45:59.716792,person,0.8559861779212952,1
2026-05-04 20:45:59.979390,person,0.8894591331481934,1
2026-05-04 20:46:00.292099,person,0.9078910946846008,1
2026-05-04 20:46:00.595341,person,0.9151405096054077,1
2026-05-04 20:46:00.954146,person,0.9239813089370728,1
2026-05-04 20:46:01.458833,person,0.9297975301742554,1
2026-05-04 20:46:01.924185,person,0.9205186367034912,1
2026-05-04 20:46:02.502335,person,0.9114904403686523,1
2026-05-04 20:46:02.912560,person,0.906719982624054,1
2026-05-04 20:46:03.270667,person,0.9111842513084412,1
2026-05-04 20:46:03.547732,person,0.9129502773284912,1
2026-05-04 20:46:04.064914,person,0.9162042737007141,1
2026-05-04 20:46:04.351713,person,0.9133771061897278,1
2026-05-04 20:46:04.662357,person,0.9147672653198242,1
2026-05-04 20:46:05.184748,person,0.9136475920677185,1
2026-05-04 20:46:05.486774,person,0.9160723090171814,1
2026-05-04 20:46:05.973334,person,0.9214613437652588,1
2026-05-04 20:46:06.453289,person,0.9152861833572388,1
2026-05-04 20:46:06.969969,person,0.915592610836029,1
2026-05-04 20:46:07.329105,person,0.9035265445709229,1
2026-05-04 20:46:07.331691,person,0.502037763595581,2
2026-05-04 20:46:07.845813,person,0.8911961317062378,1
2026-05-04 20:46:08.227242,person,0.9224605560302734,1
2026-05-04 20:46:08.596132,person,0.910885214805603,1
2026-05-04 20:46:09.232506,person,0.9178116917610168,1
2026-05-04 20:46:09.672013,person,0.6955205798149109,1
2026-05-04 20:46:09.982603,person,0.7017151117324829,1
2026-05-04 20:46:10.267092,person,0.6917274594306946,1
2026-05-04 20:46:10.572747,person,0.7395029664039612,1
2026-05-04 20:46:11.088694,person,0.8324071764945984,1
2026-05-04 20:46:11.355775,person,0.678017258644104,1
2026-05-04 20:46:11.626138,person,0.6963589787483215,1
2026-05-04 20:46:12.466617,person,0.7877785563468933,1
2026-05-04 20:46:13.125825,person,0.6632941961288452,1
2026-05-04 20:46:13.695519,person,0.51319819688797,1
2026-05-04 20:46:14.209861,person,0.6556125283241272,1
2026-05-04 20:46:15.472340,person,0.5566934943199158,1
2026-05-04 20:46:16.190605,person,0.7378376722335815,1
2026-05-04 20:46:16.511434,person,0.8592891097068787,1
2026-05-04 20:46:16.880559,person,0.9190025925636292,1
2026-05-04 20:46:17.315715,person,0.6916717290878296,1
2026-05-04 20:46:17.985417,person,0.7791313529014587,1
2026-05-04 20:46:18.605617,person,0.7205910682678223,1
2026-05-04 20:46:19.259516,person,0.8170216679573059,1
2026-05-04 20:46:19.262385,cell phone,0.5663065910339355,1
2026-05-04 20:46:19.604787,person,0.7774357795715332,1
2026-05-04 20:46:19.608087,cell phone,0.7610123157501221,1
2026-05-04 20:46:19.960364,person,0.8433378338813782,1
2026-05-04 20:46:20.459477,person,0.7040987014770508,1
2026-05-04 20:46:21.018530,person,0.784089207649231,1
2026-05-04 20:46:21.591146,person,0.5658124685287476,1
2026-05-04 20:46:22.271333,person,0.9107632637023926,1
2026-05-04 20:46:22.860744,person,0.8084377646446228,1
2026-05-04 20:46:23.215504,person,0.5701939463615417,1
2026-05-04 20:46:24.024067,person,0.5487015843391418,1
2026-05-04 20:46:24.297038,person,0.6577993035316467,1
2026-05-04 20:46:25.980279,person,0.6449371576309204,1
2026-05-04 20:46:26.706212,person,0.8370981216430664,1
2026-05-04 20:46:27.104886,person,0.5696020722389221,1
2026-05-04 20:46:27.429815,person,0.5712110996246338,1
2026-05-04 20:46:28.098649,person,0.6594573855400085,1
2026-05-04 20:46:28.674864,person,0.8070767521858215,1
2026-05-04 20:46:28.680542,cell phone,0.7853341698646545,1
2026-05-04 20:46:29.239642,person,0.6483471989631653,1
2026-05-04 20:46:30.016526,person,0.657021701335907,1
2026-05-04 20:46:30.586052,person,0.7647317051887512,1
2026-05-04 20:46:30.592361,cell phone,0.6501795053482056,1
2026-05-04 20:46:31.246959,person,0.6086527705192566,1
2026-05-04 20:46:32.165388,person,0.5713145136833191,1
2026-05-04 20:46:32.171979,person,0.5599701404571533,2
2026-05-04 20:46:32.668011,person,0.7333219647407532,1
2026-05-04 20:46:32.673317,person,0.5235668420791626,2
2026-05-04 20:46:33.126769,person,0.5753424763679504,1
2026-05-04 20:46:33.666667,person,0.835588812828064,1
2026-05-04 20:46:33.670139,person,0.5492926239967346,2
2026-05-04 20:46:34.254575,person,0.7180394530296326,1
2026-05-04 20:46:34.268390,person,0.5920725464820862,2
2026-05-04 20:46:34.832453,cup,0.938676655292511,0
2026-05-04 20:46:34.845104,person,0.9037022590637207,1
2026-05-04 20:46:34.850909,person,0.648447573184967,2
2026-05-04 20:46:35.336218,cup,0.9422799944877625,0
2026-05-04 20:46:35.341009,person,0.9076655507087708,1
2026-05-04 20:46:35.740218,cup,0.9540372490882874,0
2026-05-04 20:46:35.746188,person,0.9061864614486694,1
2026-05-04 20:46:36.254635,cup,0.9409914016723633,0
2026-05-04 20:46:36.264169,person,0.9220832586288452,1
2026-05-04 20:46:36.824342,cup,0.9393641948699951,0
2026-05-04 20:46:36.827879,person,0.9198161363601685,1
2026-05-04 20:46:37.345646,person,0.8823104500770569,1
2026-05-04 20:46:37.349204,cup,0.8532264828681946,1
2026-05-04 20:46:39.371674,cup,0.8978471159934998,0
2026-05-04 20:46:39.374205,person,0.6067588329315186,1
2026-05-04 20:46:40.034560,person,0.6898218989372253,1
2026-05-04 20:46:40.351113,cup,0.7090048789978027,0
2026-05-04 20:46:40.358273,person,0.6784725785255432,1
2026-05-04 20:46:40.725103,person,0.593174397945404,1
2026-05-04 20:46:41.612091,person,0.7994257807731628,1
2026-05-04 20:46:41.618167,person,0.5366652011871338,2
2026-05-04 20:46:42.140633,person,0.7554923295974731,1
2026-05-04 20:46:42.815196,person,0.7367915511131287,1
2026-05-04 20:46:43.540069,person,0.7633075714111328,1
2026-05-04 20:46:47.819870,person,0.5351502299308777,1
2026-05-04 20:46:47.826966,person,0.5207878351211548,2
2026-05-04 20:46:48.208166,person,0.6404842734336853,1
2026-05-04 20:46:48.705986,person,0.5344887375831604,1
2026-05-04 20:46:49.223003,person,0.6067291498184204,1
2026-05-04 20:46:49.228066,person,0.506009042263031,2
2026-05-04 20:46:49.691016,person,0.6252484321594238,1
2026-05-04 20:46:50.624141,person,0.6709896922111511,1
2026-05-04 20:46:50.636524,bottle,0.6546872854232788,1
2026-05-04 20:46:50.639291,person,0.5016873478889465,2
2026-05-04 20:46:51.256972,person,0.656711220741272,1
2026-05-04 20:46:51.262408,cell phone,0.5537511706352234,1
2026-05-04 20:46:51.270747,person,0.521544873714447,2
2026-05-04 20:46:51.614492,person,0.7032360434532166,1
2026-05-04 20:46:52.166308,person,0.5063825845718384,1
2026-05-04 20:46:52.808097,person,0.5475524067878723,1
2026-05-04 20:46:53.245204,person,0.7183229327201843,1
2026-05-04 20:46:56.904593,person,0.7219358086585999,1
2026-05-04 20:46:58.454758,person,0.8485265374183655,1
2026-05-04 20:46:59.369691,person,0.8699043989181519,1
2026-05-04 20:46:59.877179,person,0.8154182434082031,1
2026-05-04 20:47:02.801354,cup,0.7923181056976318,0
2026-05-04 20:47:03.284847,cup,0.893114447593689,0
2026-05-04 20:47:03.290835,person,0.5705564022064209,1
2026-05-04 20:47:04.083834,person,0.5212110877037048,1
2026-05-04 20:47:04.604155,cup,0.5443788766860962,0
2026-05-04 20:47:04.950458,cup,0.7920365333557129,0
2026-05-04 20:47:04.957998,person,0.5157131552696228,1
2026-05-04 20:47:05.383613,cup,0.6845481395721436,0
2026-05-04 20:47:05.840362,cup,0.7330467104911804,0
2026-05-04 20:47:06.280879,cup,0.808306097984314,0
2026-05-04 20:47:07.178734,cup,0.7997040152549744,0
2026-05-04 20:47:07.799733,person,0.631842315196991,1
2026-05-04 20:47:07.807099,person,0.5664702653884888,2
2026-05-04 20:47:08.166516,person,0.6644566059112549,1
2026-05-04 20:47:08.487529,person,0.8418397307395935,1
2026-05-04 20:47:08.495414,person,0.8180385828018188,2
2026-05-04 20:47:08.896717,person,0.7866551280021667,1
2026-05-04 20:47:08.904322,person,0.5138728022575378,2
2026-05-04 20:47:09.437624,person,0.8485490083694458,1
2026-05-04 20:47:09.441183,person,0.8362336754798889,2
2026-05-04 20:47:10.046617,person,0.8443493247032166,1
2026-05-04 20:47:10.050220,person,0.7856721878051758,2
2026-05-04 20:47:10.650399,person,0.8940222263336182,1
2026-05-04 20:47:11.043832,person,0.8866456747055054,1
2026-05-04 20:47:11.056100,person,0.7414668798446655,2
2026-05-04 20:47:11.406845,person,0.878788948059082,1
2026-05-04 20:47:12.026940,person,0.8625224828720093,1
2026-05-04 20:47:12.033973,person,0.6482816934585571,2
2026-05-04 20:47:12.475077,person,0.8870267271995544,1
2026-05-04 20:47:12.477355,person,0.6004380583763123,2
2026-05-04 20:47:13.215318,person,0.8343799114227295,1
2026-05-04 20:47:13.222947,person,0.7240995168685913,2
2026-05-04 20:47:13.832753,person,0.8295683264732361,1
2026-05-04 20:47:13.837414,person,0.6150946021080017,2
2026-05-04 20:47:13.853239,person,0.6117299199104309,3
2026-05-04 20:47:14.265840,person,0.878613293170929,1
2026-05-04 20:47:14.272032,person,0.7407464385032654,2
2026-05-04 20:47:14.712806,person,0.875394344329834,1
2026-05-04 20:47:14.717083,person,0.8752752542495728,2
2026-05-04 20:47:15.211749,person,0.8895144462585449,1
2026-05-04 20:47:15.217015,person,0.731535017490387,2
2026-05-04 20:47:15.578961,person,0.8916107416152954,1
2026-05-04 20:47:15.581552,person,0.8121928572654724,2
2026-05-04 20:47:16.217497,person,0.8827341198921204,1
2026-05-04 20:47:16.222601,person,0.7006745338439941,2
2026-05-04 20:47:16.786252,person,0.8098827004432678,1
2026-05-04 20:47:17.476527,person,0.8351250886917114,1
2026-05-04 20:47:17.967533,person,0.8646427989006042,1
2026-05-04 20:47:18.269345,person,0.8854426145553589,1
2026-05-04 20:47:18.274539,person,0.7343217134475708,2
2026-05-04 20:47:18.704778,person,0.8609393239021301,1
2026-05-04 20:47:18.711191,person,0.5280895829200745,2
2026-05-04 20:47:19.371939,person,0.8812310695648193,1
2026-05-04 20:47:19.680062,person,0.8779621720314026,1
2026-05-04 20:47:19.988900,person,0.8793618083000183,1
2026-05-04 20:47:20.412578,person,0.8758168816566467,1
2026-05-04 20:47:20.973745,person,0.87130206823349,1
2026-05-04 20:47:20.978561,person,0.715848982334137,2
2026-05-04 20:47:21.329497,person,0.8907991051673889,1
2026-05-04 20:47:21.334362,person,0.5099214911460876,2
2026-05-04 20:47:21.608290,person,0.8771708607673645,1
2026-05-04 20:47:22.459735,person,0.8681382536888123,1
2026-05-04 20:47:23.107187,person,0.8695545792579651,1
2026-05-04 20:47:23.604578,person,0.8856590390205383,1
2026-05-04 20:47:24.074538,person,0.888119101524353,1
2026-05-04 20:47:24.363426,person,0.7639984488487244,1
2026-05-04 20:47:25.137267,person,0.7432931065559387,1
2026-05-04 20:47:25.140498,person,0.636093258857727,2
2026-05-04 20:47:25.557534,person,0.6131599545478821,1
2026-05-04 20:47:25.560374,person,0.5487422943115234,2
2026-05-04 20:47:25.870720,person,0.871979832649231,1
2026-05-04 20:47:25.872926,person,0.5843380689620972,2
2026-05-04 20:47:26.374771,person,0.7155106663703918,1
2026-05-04 20:47:26.380041,person,0.6417299509048462,2
2026-05-04 20:47:27.065674,person,0.562985360622406,1
2026-05-04 20:47:27.070158,person,0.5346059203147888,2
2026-05-04 20:47:27.380434,person,0.6323146820068359,1
2026-05-04 20:47:28.190012,person,0.5038003921508789,1
2026-05-04 20:47:28.704539,person,0.5738976001739502,1
2026-05-04 20:47:29.576710,person,0.7071898579597473,1
2026-05-04 20:47:30.115337,person,0.7264090180397034,1
2026-05-04 20:47:30.612516,person,0.7293455600738525,1
2026-05-04 20:47:30.614940,person,0.5414363741874695,2
2026-05-04 20:47:31.337638,person,0.7298238277435303,1
2026-05-04 20:47:31.694920,person,0.7203494310379028,1
2026-05-04 20:47:32.017513,person,0.513464629650116,1
2026-05-04 20:47:32.491121,person,0.552632212638855,1
2026-05-04 20:47:33.805351,person,0.5334776043891907,1
2026-05-04 20:47:34.554720,person,0.6087843775749207,1
2026-05-04 20:47:35.191877,person,0.5371183753013611,1
2026-05-04 20:47:35.542458,person,0.5173065066337585,1
2026-05-04 20:47:37.552205,person,0.5207710862159729,1
2026-05-04 20:47:37.901717,person,0.6714822053909302,1
2026-05-04 20:47:38.554144,person,0.546149492263794,1
2026-05-04 20:47:38.958565,person,0.5379428863525391,1
2026-05-04 20:47:38.962437,person,0.5125408172607422,2
2026-05-04 20:47:39.397547,person,0.6119537949562073,1
2026-05-04 20:47:39.406951,person,0.591270387172699,2
2026-05-04 20:47:39.414204,person,0.561197817325592,3
2026-05-04 20:47:39.794852,person,0.6845870614051819,1
2026-05-04 20:47:41.353218,cell phone,0.5211818218231201,0
2026-05-04 20:47:41.361990,person,0.515953004360199,1
2026-05-04 20:47:41.810520,person,0.6062307357788086,1
2026-05-04 20:47:41.836892,cell phone,0.5496777892112732,1
2026-05-04 20:47:41.860237,person,0.5018854737281799,2
2026-05-04 20:47:42.419209,person,0.5799168944358826,1
2026-05-04 20:47:43.672339,person,0.5641874074935913,1
2026-05-04 20:47:44.163524,person,0.5904738306999207,1
2026-05-04 20:47:45.003853,person,0.527946412563324,1
2026-05-04 20:47:45.309600,person,0.6643297076225281,1
2026-05-04 20:47:48.419108,person,0.8385292291641235,1
2026-05-04 20:47:49.628916,person,0.51157546043396,1
2026-05-04 20:47:50.299927,person,0.6633971333503723,1
2026-05-04 20:47:50.716199,toilet,0.6271318793296814,0
2026-05-04 20:47:52.555975,cup,0.867425262928009,0
2026-05-04 20:47:53.112303,cup,0.8438864946365356,0
2026-05-04 20:47:53.118260,person,0.5428923964500427,1
2026-05-04 20:47:53.441702,cup,0.9094783663749695,0
2026-05-04 20:47:53.446371,person,0.5725554823875427,1
2026-05-04 20:47:53.949121,cup,0.8890131711959839,0
2026-05-04 20:47:54.387545,cup,0.8588124513626099,0
2026-05-04 20:47:55.507752,cup,0.8269835114479065,0
2026-05-04 20:47:55.870502,cup,0.8882576823234558,0
2026-05-04 20:47:55.875872,person,0.5245411396026611,1
2026-05-04 20:47:56.727415,cup,0.8616496920585632,0
2026-05-04 20:47:57.067052,cup,0.8767532110214233,0
2026-05-04 20:47:57.622142,cup,0.8336967825889587,0
2026-05-04 20:47:57.626082,person,0.5158621072769165,1
2026-05-04 20:47:58.409145,cup,0.8899151682853699,0
2026-05-04 20:47:58.847712,cup,0.9169593453407288,0
2026-05-04 20:47:59.299182,cup,0.9186229109764099,0
2026-05-04 20:47:59.719173,cup,0.9155920743942261,0
2026-05-04 20:48:00.339052,cup,0.8957095146179199,0
2026-05-04 20:48:01.927222,cup,0.8388715982437134,0
2026-05-04 20:48:02.366493,cup,0.8419196605682373,0
2026-05-04 20:48:02.371879,person,0.5562335848808289,1
2026-05-04 20:48:02.830490,cup,0.7558706998825073,0
2026-05-04 20:48:03.256755,cup,0.5815227627754211,0
2026-05-04 20:48:03.598552,cup,0.7865859270095825,0
2026-05-04 20:48:04.971316,person,0.5944676399230957,1
2026-05-04 20:48:04.974980,cup,0.5898804068565369,1
2026-05-04 20:48:05.757678,cup,0.7001003623008728,0
2026-05-04 20:48:05.761388,person,0.6109854578971863,1
2026-05-04 20:48:07.164529,person,0.7839100956916809,1
2026-05-04 20:48:07.184773,cup,0.6899937987327576,1
2026-05-04 20:48:08.761479,person,0.5891381502151489,1
2026-05-04 20:48:10.187026,person,0.7365174293518066,1
2026-05-04 20:48:10.928554,person,0.6601654887199402,1
2026-05-04 20:48:10.934144,cup,0.6100533604621887,1
2026-05-04 20:48:11.450764,person,0.6936132907867432,1
2026-05-04 20:48:11.927221,cup,0.8058350086212158,0
2026-05-04 20:48:11.933897,person,0.6138537526130676,1
2026-05-04 20:48:12.422614,cup,0.8522639274597168,0
2026-05-04 20:48:12.434463,person,0.5742790102958679,1
2026-05-04 20:48:13.552578,cup,0.8261551856994629,0
2026-05-04 20:48:13.931564,cup,0.9233013391494751,0
2026-05-04 20:48:13.936662,person,0.6383275985717773,1
2026-05-04 20:48:14.754785,cup,0.8975042700767517,0
2026-05-04 20:48:15.193583,cup,0.6942724585533142,0
2026-05-04 20:48:15.554406,cup,0.9274051785469055,0
2026-05-04 20:48:15.968112,cup,0.9311704039573669,0
2026-05-04 20:48:17.235730,cup,0.9410927295684814,0
2026-05-04 20:48:17.259760,person,0.5621671080589294,1
2026-05-04 20:48:18.019980,cup,0.9146193861961365,0
2026-05-04 20:48:18.655179,cup,0.9083549380302429,0
2026-05-04 20:48:20.306182,cup,0.9180467128753662,0
2026-05-04 20:48:20.325558,person,0.5997240543365479,1
2026-05-04 20:48:21.429057,cup,0.9194488525390625,0
2026-05-04 20:48:21.435540,person,0.6334463953971863,1
2026-05-04 20:48:21.827057,cup,0.9171808958053589,0
2026-05-04 20:48:21.838481,person,0.5736927390098572,1
2026-05-04 20:48:22.660426,cup,0.919040858745575,0
2026-05-04 20:48:23.016265,cup,0.9267961382865906,0
2026-05-04 20:48:23.024634,person,0.5300025343894958,1
2026-05-04 20:48:23.689017,cup,0.9198963046073914,0
2026-05-04 20:48:24.403457,cup,0.9020665287971497,0
2026-05-04 20:48:24.797873,cup,0.9428682327270508,0
2026-05-04 20:48:25.703183,cup,0.9433800578117371,0
2026-05-04 20:48:26.493157,cup,0.9324032068252563,0
2026-05-04 20:48:27.011199,cup,0.9131592512130737,0
2026-05-04 20:48:27.800168,cup,0.9119083285331726,0
2026-05-04 20:48:29.082013,cup,0.8810198903083801,0
2026-05-04 20:48:32.100835,person,0.6460192799568176,1
2026-05-04 20:48:32.893453,toilet,0.535105288028717,0
2026-05-04 20:48:34.567223,toilet,0.5620574355125427,0
2026-05-04 20:48:35.577225,cup,0.8492615222930908,0
2026-05-04 20:48:35.583071,person,0.5331997275352478,1
2026-05-04 20:48:36.223229,cup,0.8970595002174377,0
2026-05-04 20:48:37.264531,cup,0.9018697738647461,0
2026-05-04 20:48:37.269652,person,0.5196605920791626,1
2026-05-04 20:48:37.910222,cup,0.9155005812644958,0
2026-05-04 20:48:38.536494,cup,0.9003741145133972,0
2026-05-04 20:48:38.545259,person,0.5153862833976746,1
2026-05-04 20:48:39.302521,cup,0.8830109238624573,0
2026-05-04 20:48:39.312779,person,0.5117618441581726,1
2026-05-04 20:48:39.821429,cup,0.8840572834014893,0
2026-05-04 20:48:39.833034,person,0.5299292802810669,1
2026-05-04 20:48:40.512052,cup,0.8718679547309875,0
2026-05-04 20:48:40.517036,person,0.6056850552558899,1
2026-05-04 20:48:41.144250,cup,0.8887638449668884,0
2026-05-04 20:48:41.730408,cup,0.8877758383750916,0
2026-05-04 20:48:42.312149,cup,0.8885035514831543,0
2026-05-04 20:48:42.325553,person,0.5615479350090027,1
2026-05-04 20:48:43.043753,cup,0.889281153678894,0
2026-05-04 20:48:43.047090,person,0.5835529565811157,1
2026-05-04 20:48:43.734495,cup,0.8768612742424011,0
2026-05-04 20:48:43.738829,person,0.5832583904266357,1
2026-05-04 20:48:44.614388,cup,0.8860009908676147,0
2026-05-04 20:48:45.188290,cup,0.8691726922988892,0
2026-05-04 20:48:45.831769,cup,0.9226540327072144,0
2026-05-04 20:48:45.833755,person,0.5329675674438477,1
2026-05-04 20:48:46.747962,cup,0.910420298576355,0
2026-05-04 20:48:46.752707,person,0.670289158821106,1
2026-05-04 20:48:47.424196,cup,0.931057333946228,0
2026-05-04 20:48:47.430090,person,0.6689427495002747,1
2026-05-04 20:48:48.063499,cup,0.9179505109786987,0
2026-05-04 20:48:48.073413,person,0.5848845839500427,1
2026-05-04 20:48:48.619272,cup,0.9227153062820435,0
2026-05-04 20:48:48.624802,person,0.6806332468986511,1
2026-05-04 20:48:48.991617,cup,0.8946598172187805,0
2026-05-04 20:48:48.994639,person,0.5806593298912048,1
2026-05-04 20:48:49.904535,cup,0.9110894203186035,0
2026-05-04 20:48:49.913432,person,0.6404302716255188,1
2026-05-04 20:48:50.302341,cup,0.9120827317237854,0
2026-05-04 20:48:50.305490,person,0.5809959173202515,1
2026-05-04 20:48:51.176066,cup,0.9212027788162231,0
2026-05-04 20:48:51.181254,person,0.6942755579948425,1
2026-05-04 20:48:51.906725,cup,0.9283384084701538,0
2026-05-04 20:48:51.913093,person,0.7067968845367432,1
2026-05-04 20:48:52.791823,cup,0.9306147694587708,0
2026-05-04 20:48:52.794195,person,0.6749081611633301,1
2026-05-04 20:48:53.579386,cup,0.9266130924224854,0
2026-05-04 20:48:53.583550,person,0.6960164904594421,1
2026-05-04 20:48:54.249771,cup,0.9350782036781311,0
2026-05-04 20:48:54.251913,person,0.6390135288238525,1
2026-05-04 20:48:56.552039,person,0.8150441646575928,1
2026-05-04 20:48:57.217450,person,0.8474831581115723,1
2026-05-04 20:48:57.722923,person,0.8665364980697632,1
2026-05-04 20:48:58.570129,person,0.8540174961090088,1
2026-05-04 20:48:59.181992,person,0.8026062250137329,1
2026-05-04 20:49:01.708229,person,0.7741401791572571,1
2026-05-04 20:49:02.537233,person,0.5191243290901184,1
2026-05-04 20:49:04.058852,person,0.5752314329147339,1
2026-05-04 20:49:05.524378,person,0.5022528767585754,1
2026-05-04 20:49:07.838284,person,0.7517126202583313,1
2026-05-04 20:49:08.912752,person,0.5447528958320618,1
2026-05-04 20:49:09.918866,person,0.5622342228889465,1
2026-05-04 20:49:11.190556,person,0.6010743379592896,1
2026-05-04 20:49:11.809699,person,0.6214943528175354,1
2026-05-04 20:49:12.142599,person,0.5368786454200745,1
2026-05-04 20:49:12.695163,toilet,0.6187665462493896,0
2026-05-04 20:49:14.047770,cup,0.6483496427536011,0
2026-05-04 20:49:14.653489,cup,0.7627211213111877,0
2026-05-04 20:49:15.381197,cup,0.8626647591590881,0
2026-05-04 20:49:15.384888,person,0.6035735607147217,1
2026-05-04 20:49:15.816061,cup,0.8367988467216492,0
2026-05-04 20:49:16.377352,cup,0.6397363543510437,0
2026-05-04 20:49:16.383832,person,0.5512285232543945,1
2026-05-04 20:49:16.702557,cup,0.7896633744239807,0
2026-05-04 20:49:16.705340,person,0.6701487898826599,1
2026-05-04 20:49:17.300101,cup,0.8546835780143738,0
2026-05-04 20:49:17.304489,person,0.592708170413971,1
2026-05-04 20:49:17.966225,cup,0.8754041194915771,0
2026-05-04 20:49:17.972309,person,0.5255450010299683,1
2026-05-04 20:49:18.637027,cup,0.8853273987770081,0
2026-05-04 20:49:18.677083,person,0.556020975112915,1
2026-05-04 20:49:20.362475,cup,0.8967734575271606,0
2026-05-04 20:49:20.365723,person,0.538374662399292,1
2026-05-04 20:49:20.922781,cup,0.8950999975204468,0
2026-05-04 20:49:20.925990,person,0.5370034575462341,1
2026-05-04 20:49:21.759777,cup,0.832584798336029,0
2026-05-04 20:49:22.531449,cup,0.8655850291252136,0
2026-05-04 20:49:23.134956,cup,0.7757591605186462,0
2026-05-04 20:49:24.279173,cup,0.7178959250450134,0
2026-05-04 20:49:24.283862,person,0.5146355628967285,1
2026-05-04 20:49:25.258631,cup,0.8399544358253479,0
2026-05-04 20:49:25.262977,person,0.6869264841079712,1
2026-05-04 20:49:25.791947,cup,0.8022278547286987,0
2026-05-04 20:49:25.795045,person,0.5051336884498596,1
2026-05-04 20:49:26.393004,cup,0.8261761665344238,0
2026-05-04 20:49:27.033950,cup,0.7285141348838806,0
2026-05-04 20:49:27.669959,cup,0.7498461008071899,0
2026-05-04 20:49:28.457936,cup,0.7675607800483704,0
2026-05-04 20:49:28.992730,cup,0.5924932956695557,0
2026-05-04 20:49:29.779017,cup,0.7101187109947205,0
2026-05-04 20:49:30.791503,cup,0.6490477323532104,0
2026-05-04 20:49:31.724659,cup,0.7969496846199036,0
2026-05-04 20:49:32.281930,cup,0.5561348795890808,0
2026-05-04 20:49:32.816464,cup,0.8395519256591797,0
2026-05-04 20:49:33.391644,cup,0.8020385503768921,0
2026-05-04 20:49:33.918902,cup,0.8201359510421753,0
2026-05-04 20:49:34.699672,cup,0.8000213503837585,0
2026-05-04 20:49:35.055211,cup,0.8200100064277649,0
2026-05-04 20:49:35.947761,cup,0.811964213848114,0
2026-05-04 20:49:36.509811,cup,0.811108410358429,0
2026-05-04 20:49:36.917715,cup,0.7726960778236389,0
2026-05-04 20:49:37.630325,cup,0.7217534184455872,0
2026-05-04 20:49:38.100894,cup,0.7219500541687012,0
2026-05-04 20:49:38.472304,cup,0.7197145223617554,0
2026-05-04 20:49:39.133954,cup,0.7037621140480042,0
2026-05-04 20:49:40.217921,cup,0.5344934463500977,0
2026-05-04 20:49:40.841294,cup,0.7046681642532349,0
2026-05-04 20:49:41.455932,cup,0.8603154420852661,0
2026-05-04 20:49:42.039790,cup,0.8346307873725891,0
2026-05-04 20:49:42.044248,person,0.5075858235359192,1
2026-05-04 20:49:42.467614,cup,0.8649802803993225,0
2026-05-04 20:49:42.474736,person,0.5181538462638855,1
2026-05-04 20:49:42.864267,cup,0.8505008220672607,0
2026-05-04 20:49:43.523022,cup,0.8315390348434448,0
2026-05-04 20:49:44.050105,cup,0.8551364541053772,0
2026-05-04 20:49:44.716234,cup,0.8790221810340881,0
2026-05-04 20:49:44.719212,person,0.5182775855064392,1
2026-05-04 20:49:45.363344,cup,0.8124371767044067,0
2026-05-04 20:49:45.937629,cup,0.8424333930015564,0
2026-05-04 20:49:47.020708,cup,0.8006249666213989,0
2026-05-04 20:49:47.467490,cup,0.8312709927558899,0
2026-05-04 20:49:48.210143,cup,0.8850799202919006,0
2026-05-04 20:49:48.661660,cup,0.8755438327789307,0
2026-05-04 20:49:48.677949,person,0.5420659184455872,1
2026-05-04 20:49:49.408934,cup,0.8093785643577576,0
2026-05-04 20:49:50.116735,cup,0.8548312783241272,0
2026-05-04 20:49:50.842540,cup,0.8688063025474548,0
2026-05-04 20:49:51.242613,cup,0.7808071374893188,0
2026-05-04 20:49:52.773434,cup,0.8716413974761963,0
2026-05-04 20:49:52.777441,person,0.522357702255249,1
2026-05-04 20:49:53.325696,cup,0.8793017268180847,0
2026-05-04 20:49:53.934273,cup,0.8643121123313904,0
2026-05-04 20:49:53.937889,person,0.5162461400032043,1
2026-05-04 20:49:54.566006,cup,0.9054223895072937,0
2026-05-04 20:49:54.572762,person,0.5735040307044983,1
2026-05-04 20:49:55.177507,cup,0.848521888256073,0
2026-05-04 20:49:55.887382,cup,0.8843917846679688,0
2026-05-04 20:49:55.891587,person,0.5742777585983276,1
2026-05-04 20:49:56.200793,cup,0.8930120468139648,0
2026-05-04 20:49:56.210429,person,0.5762858390808105,1
2026-05-04 20:49:56.584512,cup,0.896300196647644,0
2026-05-04 20:49:56.591586,person,0.5605902671813965,1
2026-05-04 20:49:56.959216,cup,0.8910857439041138,0
2026-05-04 20:49:57.784903,cup,0.9027900695800781,0
2026-05-04 20:49:57.791757,person,0.5666016340255737,1
2026-05-04 20:49:58.597783,cup,0.8776384592056274,0
2026-05-04 20:49:58.966428,cup,0.8917194604873657,0
2026-05-04 20:49:58.974743,person,0.5362080335617065,1
2026-05-04 20:49:59.309338,cup,0.8720418810844421,0
2026-05-04 20:49:59.652285,cup,0.8423331379890442,0
2026-05-04 20:49:59.658382,person,0.5193460583686829,1
2026-05-04 20:50:00.337811,cup,0.8941324949264526,0
2026-05-04 20:50:00.927397,cup,0.9057168364524841,0
2026-05-04 20:50:01.634823,cup,0.8970678448677063,0
2026-05-04 20:50:01.638070,person,0.5514808893203735,1
2026-05-04 20:50:02.039965,cup,0.8997818827629089,0
2026-05-04 20:50:02.044256,person,0.5546011924743652,1
2026-05-04 20:50:02.369054,cup,0.8540063500404358,0
2026-05-04 20:50:02.372895,person,0.5201348066329956,1
2026-05-04 20:50:03.125520,cup,0.8492599725723267,0
2026-05-04 20:50:03.749325,cup,0.87110835313797,0
2026-05-04 20:50:04.368554,cup,0.9029669165611267,0
2026-05-04 20:50:04.371651,person,0.5561575889587402,1
2026-05-04 20:50:05.091924,cup,0.8386343121528625,0
2026-05-04 20:50:05.721217,cup,0.8551530838012695,0
2026-05-04 20:50:06.116759,cup,0.6107097864151001,0
2026-05-04 20:50:06.685847,cup,0.7950237393379211,0
2026-05-04 20:50:07.080974,cup,0.8737804889678955,0
2026-05-04 20:50:07.868138,cup,0.787987232208252,0
2026-05-04 20:50:08.501696,cup,0.7917672991752625,0
2026-05-04 20:50:09.119777,cup,0.5727275013923645,0
2026-05-04 20:50:09.481547,cup,0.8528386354446411,0
2026-05-04 20:50:10.120277,cup,0.8947830200195312,0
2026-05-04 20:50:10.768015,cup,0.91911780834198,0
2026-05-04 20:50:11.107801,cup,0.9368910789489746,0
2026-05-04 20:50:11.713964,cup,0.9330571293830872,0
2026-05-04 20:50:12.095801,cup,0.9244009852409363,0
2026-05-04 20:50:12.661365,cup,0.947566032409668,0
2026-05-04 20:50:13.886005,cup,0.9431926012039185,0
2026-05-04 20:50:14.213139,cup,0.9282885193824768,0
2026-05-04 20:50:14.734440,cup,0.9130873084068298,0
2026-05-04 20:50:15.257541,cup,0.9175893068313599,0
2026-05-04 20:50:15.792076,cup,0.9473497867584229,0
2026-05-04 20:50:16.879383,cup,0.9489282965660095,0
2026-05-04 20:50:17.619611,cup,0.9445518255233765,0
2026-05-04 20:50:18.099337,cup,0.9418116211891174,0
2026-05-04 20:50:19.029509,cup,0.9425519704818726,0
2026-05-04 20:50:20.325446,cup,0.9553378820419312,0
2026-05-04 20:50:20.953296,cup,0.9232226610183716,0
2026-05-04 20:50:21.296492,cup,0.9477523565292358,0
2026-05-04 20:50:21.690446,cup,0.9490543603897095,0
2026-05-04 20:50:23.085124,cup,0.9387970566749573,0
2026-05-04 20:50:24.368785,cup,0.9224786758422852,0
2026-05-04 20:50:24.808514,cup,0.9422028064727783,0
2026-05-04 20:50:25.145954,cup,0.9507962465286255,0
2026-05-04 20:50:26.149003,cup,0.9415530562400818,0
2026-05-04 20:50:26.796965,cup,0.9422393441200256,0
2026-05-04 20:50:27.562728,cup,0.9479894638061523,0
2026-05-04 20:50:27.940948,cup,0.9497584104537964,0
2026-05-04 20:50:28.274918,cup,0.9456945061683655,0
2026-05-04 20:50:28.773946,cup,0.9442280530929565,0
2026-05-04 20:50:29.297907,cup,0.9388429522514343,0
2026-05-04 20:50:29.595819,cup,0.953018844127655,0
2026-05-04 20:50:29.884032,cup,0.9541508555412292,0
2026-05-04 20:50:30.401724,cup,0.949458658695221,0
2026-05-04 20:50:30.727623,cup,0.9559893608093262,0
2026-05-04 20:50:31.076880,cup,0.9156911373138428,0
2026-05-04 20:50:31.342235,cup,0.9147909879684448,0
2026-05-04 20:50:31.623784,cup,0.8937233686447144,0
2026-05-04 20:50:32.206089,traffic light,0.5274765491485596,0
2026-05-04 20:50:34.030167,person,0.5880602598190308,1
2026-05-04 20:50:35.298955,person,0.594926118850708,1
2026-05-04 20:50:35.865492,person,0.6809543967247009,1
2026-05-04 20:50:36.381357,person,0.6336192488670349,1
2026-05-04 20:50:36.850674,person,0.5154144167900085,1
2026-05-04 20:50:38.753896,person,0.7003637552261353,1
2026-05-04 20:50:39.471025,person,0.615942120552063,1
2026-05-04 20:50:39.759411,person,0.6921117901802063,1
2026-05-04 20:50:40.928505,person,0.5374702215194702,1
2026-05-04 20:50:41.602240,person,0.6098330020904541,1
2026-05-04 20:50:42.224165,person,0.7145403623580933,1
2026-05-04 20:50:42.530743,person,0.6228264570236206,1
2026-05-04 20:50:43.065700,person,0.6542789340019226,1
2026-05-04 20:50:43.818162,person,0.7220613360404968,1
2026-05-04 20:50:44.633531,person,0.6121525764465332,1
2026-05-04 20:50:45.253838,person,0.6111857891082764,1
2026-05-04 20:50:45.797278,person,0.6608125567436218,1
2026-05-04 20:50:46.122870,person,0.6758140325546265,1
2026-05-04 20:50:46.679186,person,0.5163045525550842,1
2026-05-04 20:50:47.320417,person,0.611617386341095,1
2026-05-04 20:50:47.891662,person,0.5264590382575989,1
2026-05-04 20:50:49.075240,person,0.6306179761886597,1
2026-05-04 20:50:52.803133,cup,0.8984635472297668,0
2026-05-04 20:50:53.449511,cup,0.7959153652191162,0
2026-05-04 20:50:53.801376,cup,0.8736990094184875,0
2026-05-04 20:50:54.472139,cup,0.8054302334785461,0
2026-05-04 20:50:55.309293,cup,0.8362619280815125,0
2026-05-04 20:50:55.915929,cup,0.8991156816482544,0
2026-05-04 20:50:56.442973,cup,0.9240430593490601,0
2026-05-04 20:50:57.115654,cup,0.8956422805786133,0
2026-05-04 20:50:57.493686,cup,0.7085629105567932,0
2026-05-04 20:50:58.371790,cup,0.865006148815155,0
2026-05-04 20:50:59.740189,cup,0.8408770561218262,0
2026-05-04 20:51:00.529215,cup,0.9124689102172852,0
2026-05-04 20:51:01.472923,cup,0.8897238373756409,0
2026-05-04 20:51:02.716027,cup,0.918357789516449,0
2026-05-04 20:51:03.443892,cup,0.9010829925537109,0
2026-05-04 20:51:04.156135,cup,0.83180832862854,0
2026-05-04 20:51:05.727744,cup,0.8760428428649902,0
2026-05-04 20:51:06.378935,cup,0.9032440185546875,0
2026-05-04 20:51:07.085952,cup,0.9281303286552429,0
2026-05-04 20:51:07.890982,cup,0.9198859333992004,0
2026-05-04 20:51:08.654370,cup,0.9193664193153381,0
2026-05-04 20:51:09.585918,cup,0.9118574261665344,0
2026-05-04 20:51:10.295093,cup,0.9309767484664917,0
2026-05-04 20:51:11.506119,cup,0.9288418889045715,0
2026-05-04 20:51:12.235864,cup,0.8943716883659363,0
2026-05-04 20:51:12.688586,cup,0.917444109916687,0
2026-05-04 20:51:13.776348,person,0.534351646900177,1
2026-05-04 20:51:14.970583,person,0.6133087277412415,1
2026-05-04 20:51:15.863139,person,0.7246140837669373,1
2026-05-04 20:51:15.870299,chair,0.5329625606536865,1
2026-05-04 20:51:16.913522,person,0.756426215171814,1
2026-05-04 20:51:17.695076,person,0.7258222699165344,1
2026-05-04 20:51:18.103359,person,0.7564804553985596,1
2026-05-04 20:51:18.674633,person,0.766471803188324,1
2026-05-04 20:51:19.466522,person,0.757349967956543,1
2026-05-04 20:51:20.819762,person,0.7633807063102722,1
2026-05-04 20:51:21.394118,person,0.5529360175132751,1
2026-05-04 20:51:24.395486,person,0.6527742743492126,1
2026-05-04 20:51:25.123474,person,0.6898592114448547,1
2026-05-04 20:51:25.642329,person,0.7101598381996155,1
2026-05-04 20:51:26.845578,person,0.5731295347213745,1
2026-05-04 20:51:27.221385,person,0.6838130354881287,1
2026-05-04 20:51:27.884081,person,0.6757468581199646,1
2026-05-04 20:51:28.412401,person,0.6736813187599182,1
2026-05-04 20:51:28.740887,person,0.6845309138298035,1
2026-05-04 20:51:29.057903,person,0.6723416447639465,1
2026-05-04 20:51:29.426603,person,0.647591233253479,1
2026-05-04 20:51:29.996617,person,0.6461160182952881,1
2026-05-04 20:51:30.647846,person,0.714832603931427,1
2026-05-04 20:51:31.098343,person,0.5294032692909241,1
2026-05-04 20:51:31.427295,person,0.5971559882164001,1
2026-05-04 20:51:31.736541,person,0.6285589337348938,1
2026-05-04 20:51:32.485556,person,0.5990301966667175,1
2026-05-04 20:51:32.891841,person,0.5172123908996582,1
2026-05-04 20:51:34.108802,person,0.5195205807685852,1
2026-05-04 20:51:34.709993,person,0.6560671329498291,1
2026-05-04 20:51:35.073676,person,0.5132282972335815,1
2026-05-04 20:51:36.246668,person,0.6348909139633179,1
2026-05-04 20:51:36.972237,person,0.532858669757843,1
2026-05-04 20:51:37.514637,person,0.6526110172271729,1
2026-05-04 20:51:37.929659,person,0.5923896431922913,1
2026-05-04 20:51:38.481295,person,0.5882443785667419,1
2026-05-04 20:51:40.545392,person,0.6687372326850891,1
2026-05-04 20:51:41.009226,person,0.568152666091919,1
2026-05-04 20:51:41.862098,person,0.6347758173942566,1
2026-05-04 20:51:42.502871,person,0.6199509501457214,1
2026-05-04 20:51:43.469282,person,0.6341516375541687,1
2026-05-04 20:51:44.280380,person,0.6664291620254517,1
2026-05-04 20:51:45.469429,person,0.665866494178772,1
2026-05-04 20:51:46.378440,person,0.6974747180938721,1
2026-05-04 20:51:47.079462,person,0.6243331432342529,1
2026-05-04 20:51:48.116681,person,0.7486377954483032,1
2026-05-04 20:51:49.166094,person,0.6441625356674194,1
2026-05-04 20:51:49.808712,person,0.7504521608352661,1
2026-05-04 20:51:50.648654,person,0.602604866027832,1
2026-05-04 20:51:51.358840,person,0.65786212682724,1
2026-05-04 20:51:51.822110,person,0.6025983691215515,1
2026-05-04 20:51:52.299999,person,0.5513392686843872,1
2026-05-04 20:51:55.019355,person,0.8877021670341492,1
2026-05-04 20:51:56.153462,person,0.8678072094917297,1
2026-05-04 20:51:58.739080,person,0.6251304745674133,1
2026-05-04 20:51:59.067815,person,0.6533169746398926,1
2026-05-04 20:52:00.349893,person,0.649142861366272,1
2026-05-04 20:52:00.726821,person,0.6633830070495605,1
2026-05-04 20:52:02.384333,person,0.6049396991729736,1
2026-05-04 20:52:04.028163,person,0.6559426784515381,1
2026-05-04 20:52:07.174297,person,0.5004225373268127,1
2026-05-04 20:52:07.816256,person,0.5461475849151611,1
2026-05-04 20:52:09.140164,person,0.7309556603431702,1
2026-05-04 20:52:09.749940,person,0.8597753643989563,1
2026-05-04 20:52:10.094669,person,0.8457030653953552,1
2026-05-04 20:52:10.687999,person,0.876928448677063,1
2026-05-04 20:52:10.977393,person,0.8713468909263611,1
2026-05-04 20:52:11.437791,person,0.8571385145187378,1
2026-05-04 20:52:12.135020,person,0.8520447611808777,1
2026-05-04 20:52:12.700264,person,0.8055300712585449,1
2026-05-04 20:52:13.003066,person,0.7983192801475525,1
2026-05-04 20:52:13.431764,person,0.6090795993804932,1
2026-05-04 20:52:14.052053,person,0.739303469657898,1
2026-05-04 20:52:14.622469,person,0.7463669180870056,1
2026-05-04 20:52:15.187166,person,0.7441281080245972,1
2026-05-04 20:52:15.624285,person,0.5680739879608154,1
2026-05-04 20:52:16.212243,person,0.659558117389679,1
2026-05-04 20:52:16.827359,person,0.7036823034286499,1
2026-05-04 20:52:16.834700,person,0.6645753979682922,2
2026-05-04 20:52:17.568628,person,0.7934623956680298,1
2026-05-04 20:52:17.573619,person,0.6802611947059631,2
2026-05-04 20:52:18.194205,person,0.7591609954833984,1
2026-05-04 20:52:18.937775,person,0.7485798001289368,1
2026-05-04 20:52:19.545167,person,0.7961862683296204,1
2026-05-04 20:52:20.085662,person,0.7967969179153442,1
2026-05-04 20:52:20.092615,person,0.726523220539093,2
2026-05-04 20:52:20.523587,person,0.8347582817077637,1
2026-05-04 20:52:20.528307,person,0.6446049213409424,2
2026-05-04 20:52:21.145635,person,0.8024160265922546,1
2026-05-04 20:52:21.155933,person,0.7010487914085388,2
2026-05-04 20:52:21.724830,person,0.8372433185577393,1
2026-05-04 20:52:21.730451,person,0.7391637563705444,2
2026-05-04 20:52:22.325623,person,0.7639382481575012,1
2026-05-04 20:52:22.937314,person,0.8327367901802063,1
2026-05-04 20:52:23.352059,person,0.7804757952690125,1
2026-05-04 20:52:23.816150,person,0.8285850882530212,1
2026-05-04 20:52:24.395134,person,0.630679726600647,1
2026-05-04 20:52:28.042185,person,0.5416226387023926,1
2026-05-04 20:52:28.592285,person,0.6951044797897339,1
2026-05-04 20:52:28.994999,person,0.6375811696052551,1
2026-05-04 20:52:29.000553,person,0.5324641466140747,2
2026-05-04 20:52:30.724027,person,0.7720593214035034,1
2026-05-04 20:52:31.696231,person,0.5209416747093201,1
2026-05-04 20:52:32.195513,person,0.6967769861221313,1
2026-05-04 20:52:33.099732,person,0.7947539687156677,1
2026-05-04 20:52:33.771000,person,0.6555004119873047,1
2026-05-04 20:52:34.258360,person,0.6392579674720764,1
2026-05-04 20:52:34.888519,person,0.825097918510437,1
2026-05-04 20:52:35.334328,person,0.6511984467506409,1
2026-05-04 20:52:35.773934,person,0.8288989067077637,1
2026-05-04 20:52:36.423581,person,0.8202369213104248,1
2026-05-04 20:52:36.782692,person,0.7996616959571838,1
2026-05-04 20:52:37.439954,person,0.8253804445266724,1
2026-05-04 20:52:38.217139,person,0.80117267370224,1
2026-05-04 20:52:39.101653,person,0.6779059171676636,1
2026-05-04 20:52:39.654817,person,0.786109447479248,1
2026-05-04 20:52:40.225164,person,0.7985258102416992,1
2026-05-04 20:52:40.699159,person,0.5081585049629211,1
2026-05-04 20:52:41.517835,person,0.5760253071784973,1
2026-05-04 20:52:41.524506,person,0.5052012801170349,2
2026-05-04 20:52:41.956378,person,0.6412875056266785,1
2026-05-04 20:52:42.670777,person,0.5928806066513062,1
2026-05-04 20:52:43.433891,person,0.6493980288505554,1
2026-05-04 20:52:44.152186,person,0.5419152975082397,1
2026-05-04 20:52:44.742346,person,0.7472861409187317,1
2026-05-04 20:52:44.753213,person,0.5020042657852173,2
2026-05-04 20:52:45.941434,person,0.7252604961395264,1
2026-05-04 20:52:45.946490,person,0.5350401401519775,2
2026-05-04 20:52:48.404409,person,0.552990198135376,1
2026-05-04 20:52:48.717786,person,0.5263243317604065,1
2026-05-04 20:52:49.228935,person,0.5227679014205933,1
2026-05-04 20:52:49.878868,person,0.7064093351364136,1
2026-05-04 20:52:50.353126,person,0.6699725985527039,1
2026-05-04 20:52:50.360418,person,0.5255180597305298,2
2026-05-04 20:52:50.689488,person,0.6771446466445923,1
2026-05-04 20:52:50.692283,person,0.6355996131896973,2
2026-05-04 20:52:51.206865,person,0.5817106366157532,1
2026-05-04 20:52:51.218555,person,0.5101956725120544,2
2026-05-04 20:52:52.202092,person,0.7256315350532532,1
2026-05-04 20:52:52.809408,person,0.7261578440666199,1
2026-05-04 20:52:53.472176,person,0.7131245136260986,1
2026-05-04 20:52:53.477549,person,0.6050536036491394,2
2026-05-04 20:52:54.110523,person,0.7326628565788269,1
2026-05-04 20:52:54.823205,person,0.8050094246864319,1
2026-05-04 20:52:54.840400,person,0.6110290884971619,2
2026-05-04 20:52:55.575202,person,0.7374826669692993,1
2026-05-04 20:52:55.911321,person,0.7079169750213623,1
2026-05-04 20:52:56.386673,person,0.7913086414337158,1
2026-05-04 20:52:56.889735,person,0.7306608557701111,1
2026-05-04 20:52:57.228972,person,0.7515958547592163,1
2026-05-04 20:52:57.687610,person,0.7445794939994812,1
2026-05-04 20:52:58.011550,person,0.7656428217887878,1
2026-05-04 20:52:58.689361,person,0.7370623350143433,1
2026-05-04 20:52:59.084084,person,0.7624759674072266,1
2026-05-04 20:52:59.434461,person,0.7245236039161682,1
2026-05-04 20:52:59.438062,person,0.5140959620475769,2
2026-05-04 20:52:59.779734,person,0.780605673789978,1
2026-05-04 20:53:00.573540,person,0.7551096081733704,1
2026-05-04 20:53:01.390781,person,0.6872705817222595,1
2026-05-04 20:53:02.115198,person,0.7303109765052795,1
2026-05-04 20:53:02.625949,person,0.7765981554985046,1
2026-05-04 20:53:03.340244,person,0.7205347418785095,1
2026-05-04 20:53:03.344553,person,0.5642802119255066,2
2026-05-04 20:53:03.690756,person,0.7156326174736023,1
2026-05-04 20:53:03.693534,person,0.6623595356941223,2
2026-05-04 20:53:04.442743,person,0.8018864393234253,1
2026-05-04 20:53:04.445464,person,0.5704373717308044,2
2026-05-04 20:53:05.111912,person,0.736984133720398,1
2026-05-04 20:53:05.120174,person,0.6125248074531555,2
2026-05-04 20:53:05.503665,person,0.7999414205551147,1
2026-05-04 20:53:05.507619,person,0.6607537269592285,2
2026-05-04 20:53:06.039398,person,0.7856128215789795,1
2026-05-04 20:53:06.045478,person,0.5808577537536621,2
2026-05-04 20:53:07.122280,person,0.7030122876167297,1
2026-05-04 20:53:07.127785,person,0.6845635175704956,2
2026-05-04 20:53:07.740588,person,0.7791746854782104,1
2026-05-04 20:53:07.743936,person,0.6477749943733215,2
2026-05-04 20:53:08.522587,person,0.8201009631156921,1
2026-05-04 20:53:08.526013,person,0.5519333481788635,2
2026-05-04 20:53:08.823631,person,0.6060004234313965,1
2026-05-04 20:53:09.172137,person,0.7278764843940735,1
2026-05-04 20:53:09.176498,person,0.7233051657676697,2
2026-05-04 20:53:09.506173,person,0.7360637784004211,1
2026-05-04 20:53:09.816945,person,0.7717752456665039,1
2026-05-04 20:53:10.120004,person,0.7458274960517883,1
2026-05-04 20:53:10.653458,person,0.7572012543678284,1
2026-05-04 20:53:11.100265,person,0.7435750961303711,1
2026-05-04 20:53:11.405528,person,0.7538052201271057,1
2026-05-04 20:53:11.946671,person,0.756120502948761,1
2026-05-04 20:53:12.410517,person,0.7675676345825195,1
2026-05-04 20:53:12.676809,person,0.7273625731468201,1
2026-05-04 20:53:12.680281,person,0.7127196192741394,2
2026-05-04 20:53:13.068615,person,0.7373725175857544,1
2026-05-04 20:53:13.071429,person,0.5757409930229187,2
2026-05-04 20:53:13.419822,person,0.7808020710945129,1
2026-05-04 20:53:13.422499,person,0.5940020084381104,2
2026-05-04 20:53:13.892592,person,0.6992654800415039,1
2026-05-04 20:53:13.898047,person,0.5979428291320801,2
2026-05-04 20:53:14.210940,person,0.7536621689796448,1
2026-05-04 20:53:14.214769,person,0.5512273907661438,2
2026-05-04 20:53:14.579323,person,0.7036342024803162,1
2026-05-04 20:53:14.581790,person,0.5596573948860168,2
2026-05-04 20:53:15.033950,person,0.7057205438613892,1
2026-05-04 20:53:15.037034,person,0.6238952279090881,2
2026-05-04 20:53:15.900329,person,0.5840768814086914,1
2026-05-04 20:53:15.914675,person,0.5295294523239136,2
2026-05-04 20:53:16.431804,person,0.5947787165641785,1
2026-05-04 20:53:16.433871,person,0.5819909572601318,2
2026-05-04 20:53:16.957866,person,0.505202054977417,1
2026-05-04 20:53:17.336690,person,0.7287177443504333,1
2026-05-04 20:53:17.341258,person,0.6730793118476868,2
2026-05-04 20:53:17.746298,person,0.6653637290000916,1
2026-05-04 20:53:17.750734,person,0.6342699527740479,2
2026-05-04 20:53:18.303232,person,0.71578449010849,1
2026-05-04 20:53:18.309249,person,0.6314268708229065,2
2026-05-04 20:53:18.854873,person,0.6301862001419067,1
2026-05-04 20:53:18.857494,person,0.5950944423675537,2
2026-05-04 20:53:19.363940,person,0.7096406817436218,1
2026-05-04 20:53:19.366697,person,0.6007099151611328,2
2026-05-04 20:53:19.857443,person,0.6739113330841064,1
2026-05-04 20:53:20.345341,person,0.612238347530365,1
2026-05-04 20:53:20.355135,person,0.5163859128952026,2
2026-05-04 20:53:20.730540,person,0.70164555311203,1
2026-05-04 20:53:21.068062,person,0.6289839744567871,1
2026-05-04 20:53:21.499853,person,0.7588996291160583,1
2026-05-04 20:53:21.815540,person,0.6805470585823059,1
2026-05-04 20:53:22.656811,person,0.7388179302215576,1
2026-05-04 20:53:23.203300,person,0.7859638333320618,1
2026-05-04 20:53:23.795974,person,0.7276008725166321,1
2026-05-04 20:53:24.587952,person,0.7568871974945068,1
2026-05-04 20:53:25.397316,person,0.7150073647499084,1
2026-05-04 20:53:26.257262,person,0.7849404811859131,1
2026-05-04 20:53:27.202136,person,0.7504720687866211,1
2026-05-04 20:53:27.838197,person,0.7475634217262268,1
2026-05-04 20:53:27.842091,donut,0.6646612882614136,1
2026-05-04 20:53:28.204897,person,0.796454906463623,1
2026-05-04 20:53:28.500096,person,0.7232294082641602,1
2026-05-04 20:53:28.995658,person,0.7877247333526611,1
2026-05-04 20:53:29.456579,person,0.7884451150894165,1
2026-05-04 20:53:29.880052,person,0.7810407876968384,1
2026-05-04 20:53:30.300621,person,0.7610565423965454,1
2026-05-04 20:53:31.108723,person,0.8098414540290833,1
2026-05-04 20:53:31.514579,person,0.7196677327156067,1
2026-05-04 20:53:32.103894,person,0.7700656652450562,1
2026-05-04 20:53:32.974370,person,0.8256297707557678,1
2026-05-04 20:53:33.323555,person,0.75269615650177,1
2026-05-04 20:53:33.998658,person,0.8142375946044922,1
2026-05-04 20:53:34.330328,person,0.8042676448822021,1
2026-05-04 20:53:34.953011,person,0.8026571273803711,1
2026-05-04 20:53:35.805093,person,0.8139019012451172,1
2026-05-04 20:53:35.821856,person,0.5038278102874756,2
2026-05-04 20:53:36.424426,person,0.814830482006073,1
2026-05-04 20:53:37.190697,person,0.7923181056976318,1
2026-05-04 20:53:37.666599,person,0.7701976299285889,1
2026-05-04 20:53:38.550791,person,0.8034968972206116,1
2026-05-04 20:53:38.962113,person,0.8345735669136047,1
2026-05-04 20:53:39.565229,person,0.7901840209960938,1
2026-05-04 20:53:40.294267,person,0.5426095724105835,1
2026-05-04 20:53:40.942753,person,0.7533481121063232,1
2026-05-04 20:53:40.955305,person,0.5989073514938354,2
2026-05-04 20:53:41.994237,person,0.6812753677368164,1
2026-05-04 20:53:41.997096,person,0.5831676721572876,2
2026-05-04 20:53:42.388959,person,0.5209542512893677,1
2026-05-04 20:53:45.160327,person,0.5796987414360046,1
2026-05-04 20:53:45.782628,person,0.6127942204475403,1
2026-05-04 20:53:46.387554,person,0.5629491209983826,1
2026-05-04 20:53:46.738290,person,0.5471362471580505,1
2026-05-04 20:53:47.396963,person,0.6639717221260071,1
2026-05-04 20:53:47.962422,person,0.6327150464057922,1
2026-05-04 20:53:48.316456,person,0.6352101564407349,1
2026-05-04 20:53:48.322039,person,0.5210895538330078,2
2026-05-04 20:53:48.943079,person,0.713377833366394,1
2026-05-04 20:53:48.947214,person,0.6218484044075012,2
2026-05-04 20:53:48.960046,person,0.600315272808075,3
2026-05-04 20:53:49.400209,person,0.6126118898391724,1
2026-05-04 20:53:49.421033,person,0.6116489171981812,2
2026-05-04 20:53:49.428583,person,0.5611178278923035,3
2026-05-04 20:53:49.803862,person,0.7008652091026306,1
2026-05-04 20:53:49.807599,person,0.6999759078025818,2
2026-05-04 20:53:50.167045,person,0.6924909353256226,1
2026-05-04 20:53:50.172712,person,0.6735852956771851,2
2026-05-04 20:53:50.178460,person,0.652621328830719,3
2026-05-04 20:53:50.558710,person,0.7956706881523132,1
2026-05-04 20:53:50.565114,person,0.6889274716377258,2
2026-05-04 20:53:50.571159,person,0.5492114424705505,3
2026-05-04 20:53:51.282925,person,0.6976883411407471,1
2026-05-04 20:53:51.289581,person,0.6501480340957642,2
2026-05-04 20:53:51.294541,person,0.6327030658721924,3
2026-05-04 20:53:51.737761,person,0.849878191947937,1
2026-05-04 20:53:52.141398,person,0.8309974074363708,1
2026-05-04 20:53:52.144425,person,0.6814876198768616,2
2026-05-04 20:53:52.675829,person,0.5817666053771973,1
2026-05-04 20:53:54.568670,person,0.5518438220024109,1
2026-05-04 20:53:55.216998,person,0.6189695596694946,1
2026-05-04 20:53:56.546189,person,0.542907178401947,1
2026-05-04 20:53:59.237148,person,0.567877471446991,1
2026-05-04 20:53:59.551189,person,0.7601019740104675,1
2026-05-04 20:54:00.029702,person,0.8394666314125061,1
2026-05-04 20:54:00.539603,person,0.7449958920478821,1
2026-05-04 20:54:01.083656,person,0.8655157685279846,1
2026-05-04 20:54:01.586034,person,0.8660739064216614,1
2026-05-04 20:54:03.175874,person,0.5104826092720032,1
2026-05-04 20:54:03.488215,person,0.6116980314254761,1
2026-05-04 20:54:03.847432,person,0.6357726454734802,1
2026-05-04 20:54:04.204957,person,0.6595073938369751,1
2026-05-04 20:54:04.599156,person,0.635759711265564,1
2026-05-04 20:54:07.120327,person,0.5110578536987305,1
2026-05-04 20:54:15.379332,person,0.5312299728393555,1
2026-05-04 20:54:16.501852,person,0.5293511748313904,1
2026-05-04 20:54:16.939688,person,0.5689318776130676,1
2026-05-04 20:54:20.351225,person,0.5094395279884338,1
2026-05-04 20:54:23.240511,person,0.6203199028968811,1
2026-05-04 20:54:24.353409,remote,0.6050117611885071,0
2026-05-04 20:54:24.788531,person,0.6950548887252808,1
2026-05-04 20:54:24.794964,remote,0.6088360548019409,1
2026-05-04 20:54:28.561224,person,0.6061230897903442,1
2026-05-04 20:54:30.178189,person,0.601571261882782,1
2026-05-04 20:54:32.821975,person,0.5443146824836731,1
2026-05-04 20:54:36.494940,person,0.5040684342384338,1
2026-05-04 20:54:37.435896,person,0.5154009461402893,1
2026-05-04 20:54:42.277184,person,0.7214703559875488,1
2026-05-04 20:54:47.327615,person,0.5280361175537109,1
2026-05-04 20:54:47.713272,person,0.5365275144577026,1
2026-05-04 20:54:48.709635,person,0.5200036764144897,1
2026-05-04 20:54:49.355728,person,0.7000221610069275,1
2026-05-04 20:54:49.690600,person,0.7907233238220215,1
2026-05-04 20:54:50.358049,person,0.6433402895927429,1
2026-05-04 20:54:50.364694,person,0.5044201016426086,2
2026-05-04 20:54:57.309708,person,0.5731490850448608,1
2026-05-04 20:54:58.046216,person,0.5962242484092712,1
2026-05-04 20:54:58.558756,person,0.5488311648368835,1
2026-05-04 20:55:02.915866,person,0.5184333920478821,1
2026-05-04 20:55:03.372872,person,0.5328300595283508,1
2026-05-04 20:55:03.676934,person,0.5337874889373779,1
2026-05-04 20:55:10.639282,person,0.5032510757446289,0
2026-05-04 20:55:10.968787,person,0.5249900221824646,0
2026-05-04 20:55:14.813424,person,0.5887772440910339,0
2026-05-04 20:55:16.722983,person,0.5735112428665161,0
2026-05-04 20:55:20.772551,person,0.7018557786941528,0
2026-05-04 20:55:24.273198,cell phone,0.8417075276374817,1
2026-05-04 20:55:24.281593,person,0.6498802304267883,1
2026-05-04 20:55:25.143086,person,0.5838431119918823,0
2026-05-04 20:55:25.469460,person,0.6852564811706543,0
2026-05-04 20:55:25.475715,cell phone,0.5687242150306702,1
2026-05-04 20:55:31.183072,person,0.6291189789772034,0
2026-05-04 20:55:36.997801,person,0.5128340721130371,0
2026-05-04 20:55:37.653637,person,0.5863657593727112,0
2026-05-04 20:55:44.228186,person,0.5571154356002808,0
2026-05-04 20:55:45.856667,person,0.8202936053276062,0
2026-05-04 20:55:46.725088,person,0.8153825402259827,0
2026-05-04 20:55:47.223765,person,0.619076669216156,0
2026-05-04 20:55:47.827704,person,0.7781785726547241,0
2026-05-04 20:55:48.493634,person,0.834513247013092,0
2026-05-04 20:55:49.181687,person,0.5512204766273499,0
2026-05-04 20:55:49.815472,person,0.8559334874153137,0
2026-05-04 20:55:50.401483,person,0.7894431352615356,0
2026-05-04 20:55:50.849899,person,0.8086833953857422,0
2026-05-04 20:55:51.184996,person,0.5823146104812622,0
2026-05-04 20:55:51.841841,person,0.6656633019447327,0
2026-05-04 20:55:52.649441,person,0.6666308641433716,0
2026-05-04 20:55:53.298542,person,0.5210288166999817,0
2026-05-04 20:55:53.659968,person,0.7461002469062805,0
2026-05-04 20:55:54.056119,person,0.6065724492073059,0
2026-05-04 20:55:54.765260,person,0.5211716294288635,0
2026-05-04 20:55:55.215427,person,0.6121762990951538,0
2026-05-04 20:55:55.798613,person,0.5845978260040283,0
2026-05-04 20:55:56.548029,person,0.6036495566368103,0
2026-05-04 20:55:57.009839,person,0.7371714115142822,0
2026-05-04 20:55:57.664103,person,0.6144379377365112,0
2026-05-04 20:55:57.674101,person,0.6085243821144104,0
2026-05-04 20:55:59.017905,person,0.6733739376068115,0
2026-05-04 20:55:59.332415,person,0.6181243658065796,0
2026-05-04 20:55:59.988945,person,0.7233709692955017,0
2026-05-04 20:56:03.003339,person,0.5110127925872803,0
2026-05-04 20:56:03.719946,person,0.5617980360984802,0
2026-05-04 20:56:04.274804,person,0.6184536814689636,0
2026-05-04 20:56:05.236398,person,0.6215358972549438,0
2026-05-04 20:56:09.046564,bench,0.5334323048591614,0
2026-05-04 20:56:09.677354,bench,0.574923038482666,0
2026-05-04 20:56:10.915057,toilet,0.6074569821357727,0
2026-05-04 20:56:11.356655,cup,0.5378860831260681,0
2026-05-04 20:56:12.327330,cup,0.6459117531776428,0
2026-05-04 20:56:12.814041,cup,0.7905787229537964,0
2026-05-04 20:56:13.414347,person,0.7469202876091003,0
2026-05-04 20:56:13.420791,cup,0.6316452026367188,0
2026-05-04 20:56:15.982622,cup,0.5076566338539124,0
2026-05-04 20:56:16.525275,cup,0.6382908225059509,0
2026-05-04 20:56:16.919044,cup,0.6604869365692139,0
2026-05-04 20:56:20.918048,person,0.6373326182365417,0
2026-05-04 20:56:21.999966,person,0.6128275990486145,0
2026-05-04 20:56:22.524392,person,0.5390928983688354,0
2026-05-04 20:56:22.537193,laptop,0.5115795135498047,0
2026-05-04 20:56:22.881701,person,0.6308300495147705,0
2026-05-04 20:56:23.223221,person,0.663553774356842,0
2026-05-04 20:56:23.808829,person,0.6338287591934204,0
2026-05-04 20:56:24.876797,person,0.6551941633224487,0
2026-05-04 20:56:25.465616,person,0.6469078660011292,0
2026-05-04 20:56:25.821393,person,0.6777001619338989,0
2026-05-04 20:56:31.393867,cell phone,0.5229566693305969,1
2026-05-04 20:56:47.212211,person,0.5446471571922302,0
2026-05-04 20:56:48.540675,person,0.5506085157394409,0
2026-05-04 20:56:48.989460,person,0.569731593132019,0
2026-05-04 20:56:50.308112,person,0.6176278591156006,0
2026-05-04 20:56:50.713694,person,0.5663068890571594,0
2026-05-04 20:56:57.005629,person,0.5823613405227661,0
2026-05-04 20:56:58.455168,person,0.5475176572799683,0
2026-05-04 20:57:05.037853,cat,0.5726375579833984,0
2026-05-04 20:57:13.711646,cell phone,0.5498193502426147,1
2026-05-04 20:57:25.180864,person,0.5383435487747192,0
2026-05-04 20:57:30.520733,cell phone,0.6295464038848877,1
2026-05-04 20:57:31.063997,cell phone,0.6454068422317505,1
2026-05-04 20:57:31.502540,cell phone,0.6487497687339783,1
2026-05-04 20:57:32.624894,cell phone,0.5633563995361328,1
2026-05-04 20:57:34.818470,person,0.6135924458503723,0
2026-05-04 20:57:35.207974,person,0.5423371195793152,0
2026-05-04 20:57:37.733393,person,0.5357686281204224,0
2026-05-04 20:57:38.069993,person,0.5218689441680908,0
2026-05-04 20:57:38.454879,person,0.5006038546562195,0
2026-05-04 20:57:39.271341,person,0.5343841910362244,0
2026-05-04 20:57:42.500445,person,0.500419020652771,0
2026-05-04 20:57:43.775527,person,0.6275723576545715,0
2026-05-04 20:57:44.238529,person,0.7055774927139282,0
2026-05-04 20:57:44.824125,person,0.5381621718406677,0
2026-05-04 20:57:45.163870,person,0.663978099822998,0
2026-05-04 20:57:47.192508,person,0.6634193062782288,0
2026-05-04 20:57:47.498404,person,0.5559550523757935,0
2026-05-04 20:57:47.862967,person,0.5897984504699707,0
2026-05-04 20:57:48.242084,person,0.6038694381713867,0
2026-05-04 20:57:48.857274,person,0.6414498686790466,0
2026-05-04 20:57:49.344895,person,0.6781390309333801,0
2026-05-04 20:57:52.907140,person,0.6492487192153931,0
2026-05-04 20:57:55.246085,person,0.6385671496391296,0
2026-05-04 20:57:55.977345,person,0.5644755363464355,0
2026-05-04 20:57:56.289791,person,0.6648045778274536,0
2026-05-04 20:57:56.907973,person,0.543526828289032,0
2026-05-04 20:57:59.385593,person,0.5142573714256287,0
2026-05-04 20:58:03.432192,cell phone,0.5596837997436523,1
2026-05-04 20:58:04.035870,cell phone,0.5154099464416504,1
2026-05-04 20:58:08.264595,cell phone,0.5577850341796875,1
2026-05-04 20:58:11.912723,cell phone,0.5032200813293457,1
2026-05-04 20:58:17.813240,person,0.5296599864959717,0
2026-05-04 20:58:18.292035,cell phone,0.656080961227417,1
2026-05-04 20:58:18.726021,cell phone,0.6629274487495422,1
2026-05-04 20:58:19.131601,cell phone,0.6024191379547119,1
2026-05-04 20:58:19.568685,cell phone,0.5449304580688477,1
2026-05-04 20:58:32.236089,cell phone,0.6968551278114319,1
2026-05-04 20:58:32.244253,person,0.5478261113166809,1
2026-05-04 20:58:32.904544,person,0.54851233959198,0
2026-05-04 20:58:33.753171,cell phone,0.9052707552909851,1
2026-05-04 20:58:33.758176,person,0.5805149078369141,1
2026-05-04 20:58:34.225134,person,0.7830238342285156,0
2026-05-04 20:58:34.232956,cell phone,0.6793083548545837,1
2026-05-04 20:58:35.205279,person,0.7244430184364319,0
2026-05-04 20:58:35.208813,cell phone,0.503364086151123,1
2026-05-04 20:58:35.662199,cell phone,0.8060261011123657,1
2026-05-04 20:58:35.665158,person,0.6422612071037292,1
2026-05-04 20:58:36.172236,person,0.6283726096153259,0
2026-05-04 20:58:36.179161,cell phone,0.5850082635879517,1
2026-05-04 20:58:36.573277,person,0.7027391195297241,0
2026-05-04 20:58:37.126936,person,0.6764423847198486,0
2026-05-04 20:58:37.132457,cell phone,0.6325773596763611,1
2026-05-04 20:58:38.256349,person,0.7846370339393616,0
2026-05-04 20:58:38.903650,cell phone,0.654223620891571,1
2026-05-04 20:58:38.908250,person,0.5021325945854187,1
2026-05-04 20:58:39.314149,person,0.702477753162384,0
2026-05-04 20:58:39.318466,cell phone,0.6938010454177856,1
2026-05-04 20:58:39.642195,person,0.673359215259552,0
2026-05-04 20:58:39.651107,cell phone,0.594749391078949,1
2026-05-04 20:58:40.214293,cell phone,0.7011076807975769,1
2026-05-04 20:58:40.222215,person,0.5191518068313599,1
2026-05-04 20:58:40.767217,person,0.716683030128479,0
2026-05-04 20:58:41.145580,person,0.5321248769760132,0
2026-05-04 20:58:41.151856,cell phone,0.5233797430992126,1
2026-05-04 20:58:41.582390,person,0.7403956055641174,0
2026-05-04 20:58:41.588660,cell phone,0.5665850043296814,1
2026-05-04 20:58:42.377945,person,0.7053554654121399,0
2026-05-04 20:58:42.383567,cell phone,0.5731526017189026,1
2026-05-04 20:58:42.398217,cell phone,0.5391351580619812,2
2026-05-04 20:58:42.801986,cell phone,0.5903966426849365,1
2026-05-04 20:58:42.806504,person,0.5538966655731201,1
2026-05-04 20:58:43.495555,person,0.6255200505256653,0
2026-05-04 20:58:43.502161,cell phone,0.567908763885498,1
2026-05-04 20:58:44.384257,person,0.5428377985954285,0
2026-05-04 20:58:44.924486,person,0.5965057015419006,0
2026-05-04 20:58:44.938597,cell phone,0.5634217262268066,1
2026-05-04 20:58:45.298093,cell phone,0.6232756972312927,1
2026-05-04 20:58:45.301156,person,0.534678041934967,1
2026-05-04 20:58:45.940769,person,0.781886875629425,0
2026-05-04 20:58:46.308899,person,0.784919023513794,0
2026-05-04 20:58:46.314473,cell phone,0.6014983057975769,1
2026-05-04 20:58:46.758497,person,0.8046034574508667,0
2026-05-04 20:58:46.773688,cell phone,0.7616931200027466,1
2026-05-04 20:58:46.778517,cell phone,0.5454443693161011,2
2026-05-04 20:58:47.281217,person,0.7861174941062927,0
2026-05-04 20:58:47.287210,cell phone,0.6552668809890747,1
2026-05-04 20:58:47.754778,person,0.8576628565788269,0
2026-05-04 20:58:47.758700,cell phone,0.7315353751182556,1
2026-05-04 20:58:48.251808,person,0.7352410554885864,0
2026-05-04 20:58:48.255080,cell phone,0.5810344219207764,1
2026-05-04 20:58:48.772125,person,0.8197533488273621,0
2026-05-04 20:58:48.777161,cell phone,0.5667836666107178,1
2026-05-04 20:58:49.380061,person,0.8466638922691345,0
2026-05-04 20:58:49.849766,person,0.7967837452888489,0
2026-05-04 20:58:49.855235,cell phone,0.5102697610855103,1
2026-05-04 20:58:50.245176,person,0.8186310529708862,0
2026-05-04 20:58:50.259130,cell phone,0.663352906703949,1
2026-05-04 20:58:50.885172,person,0.8544012308120728,0
2026-05-04 20:58:50.892255,cell phone,0.76461261510849,1
2026-05-04 20:58:50.904228,cell phone,0.5951429009437561,2
2026-05-04 20:58:51.362125,person,0.8695008754730225,0
2026-05-04 20:58:51.366306,cell phone,0.608767569065094,1
2026-05-04 20:58:51.676247,person,0.842117965221405,0
2026-05-04 20:58:52.183525,person,0.8610340356826782,0
2026-05-04 20:58:52.192541,cell phone,0.6708194613456726,1
2026-05-04 20:58:52.540092,person,0.8557631373405457,0
2026-05-04 20:58:52.542665,cell phone,0.6368670463562012,1
2026-05-04 20:58:52.544955,cell phone,0.6168103814125061,2
2026-05-04 20:58:53.157432,person,0.8786394596099854,0
2026-05-04 20:58:53.166950,cell phone,0.5202911496162415,1
2026-05-04 20:58:53.685258,person,0.8423058986663818,0
2026-05-04 20:58:54.165574,person,0.873454213142395,0
2026-05-04 20:58:54.171773,cell phone,0.8510443568229675,1
2026-05-04 20:58:54.660100,person,0.8729461431503296,0
2026-05-04 20:58:55.245415,person,0.8544146418571472,0
2026-05-04 20:58:55.250108,cell phone,0.6430364847183228,1
2026-05-04 20:58:55.666379,person,0.8454908728599548,0
2026-05-04 20:58:55.675714,cell phone,0.6929360628128052,1
2026-05-04 20:58:55.683075,cell phone,0.6674548387527466,2
2026-05-04 20:58:55.980021,person,0.8861539363861084,0
2026-05-04 20:58:55.982039,cell phone,0.5737459659576416,1
2026-05-04 20:58:55.991517,cell phone,0.5582882165908813,2
2026-05-04 20:58:56.365028,person,0.8274902701377869,0
2026-05-04 20:58:56.367521,cell phone,0.5926485657691956,1
2026-05-04 20:58:56.372289,cell phone,0.5203860998153687,2
2026-05-04 20:58:56.911197,person,0.8159841299057007,0
2026-05-04 20:58:57.456139,person,0.8785179853439331,0
2026-05-04 20:58:57.459360,cell phone,0.506130576133728,1
2026-05-04 20:58:58.154986,person,0.8716196417808533,0
2026-05-04 20:58:58.162140,cell phone,0.5561898350715637,1
2026-05-04 20:58:58.848985,person,0.8703793883323669,0
2026-05-04 20:58:59.349493,person,0.850829005241394,0
2026-05-04 20:59:00.073834,person,0.7521851062774658,0
2026-05-04 20:59:00.076321,cell phone,0.5231924653053284,1
2026-05-04 20:59:00.280306,person,0.7785851955413818,0
2026-05-04 20:59:00.282604,cell phone,0.7098835706710815,1
2026-05-04 20:59:00.572293,person,0.8597833514213562,0
2026-05-04 20:59:01.051583,person,0.8214176893234253,0
2026-05-04 20:59:01.055841,cell phone,0.6132602691650391,1
2026-05-04 20:59:01.585421,person,0.8060988187789917,0
2026-05-04 20:59:01.588472,cell phone,0.5119622349739075,1
2026-05-04 20:59:02.236137,person,0.8296966552734375,0
2026-05-04 20:59:02.240021,cell phone,0.7652541995048523,1
2026-05-04 20:59:02.778160,person,0.8674660325050354,0
2026-05-04 20:59:02.780689,cell phone,0.684705376625061,1
2026-05-04 20:59:03.102012,person,0.8641957640647888,0
2026-05-04 20:59:03.104876,cell phone,0.5207337141036987,1
2026-05-04 20:59:03.107155,cell phone,0.5156312584877014,2
2026-05-04 20:59:03.460359,person,0.8085280656814575,0
2026-05-04 20:59:03.462384,cell phone,0.61183762550354,1
2026-05-04 20:59:03.648397,person,0.8247131109237671,0
2026-05-04 20:59:03.650746,cell phone,0.6326237916946411,1
2026-05-04 20:59:03.846155,person,0.7995252013206482,0
2026-05-04 20:59:03.848130,cell phone,0.5920573472976685,1
2026-05-04 20:59:04.286147,person,0.8620038628578186,0
2026-05-04 20:59:04.288280,cell phone,0.5602615475654602,1
2026-05-04 20:59:04.290425,cell phone,0.5563862919807434,2
2026-05-04 20:59:04.494089,person,0.8496760129928589,0
2026-05-04 20:59:04.496178,cell phone,0.6552605032920837,1
2026-05-04 20:59:04.741496,person,0.8752478957176208,0
2026-05-04 20:59:04.744352,cell phone,0.7036424279212952,1
2026-05-04 20:59:04.746559,cell phone,0.6023737788200378,2
2026-05-04 20:59:05.034750,person,0.8332707285881042,0
2026-05-04 20:59:05.037104,cell phone,0.6658869981765747,1
2026-05-04 20:59:05.295417,person,0.8407602310180664,0
2026-05-04 20:59:05.298774,cell phone,0.6551733613014221,1
2026-05-04 20:59:05.797820,person,0.8450048565864563,0
2026-05-04 20:59:05.800478,cell phone,0.6051591038703918,1
2026-05-04 20:59:06.360428,person,0.8521564602851868,0
2026-05-04 20:59:06.990375,person,0.8385852575302124,0
2026-05-04 20:59:07.405974,person,0.8639347553253174,0
2026-05-04 20:59:07.411296,cell phone,0.7503131628036499,1
2026-05-04 20:59:07.922120,person,0.7723703980445862,0
2026-05-04 20:59:10.077865,person,0.52735435962677,0
2026-05-04 20:59:11.532648,cell phone,0.6423699259757996,1
2026-05-04 20:59:12.373348,cell phone,0.6593360304832458,1
2026-05-04 20:59:13.158939,person,0.6357765197753906,0
2026-05-04 20:59:13.531600,person,0.5266215801239014,0
2026-05-04 20:59:13.719141,person,0.6516050100326538,0
2026-05-04 20:59:13.960236,person,0.5610018372535706,0
2026-05-04 20:59:14.880490,person,0.5402837991714478,0
2026-05-04 20:59:15.321002,person,0.6984333395957947,0
2026-05-04 20:59:15.325457,cell phone,0.5811008810997009,1
2026-05-04 20:59:17.511347,person,0.5118625164031982,0
2026-05-04 20:59:22.004779,person,0.8017525672912598,0
2026-05-04 20:59:22.952096,person,0.8809191584587097,0
2026-05-04 20:59:23.562885,person,0.8630388379096985,0
2026-05-04 20:59:24.388675,person,0.8623659610748291,0
2026-05-04 20:59:24.727612,person,0.8278524875640869,0
2026-05-04 20:59:25.216130,person,0.802487850189209,0
2026-05-04 20:59:25.641433,person,0.8019169569015503,0
2026-05-04 20:59:26.248590,person,0.8201161623001099,0
2026-05-04 20:59:26.736362,person,0.8184279203414917,0
2026-05-04 20:59:27.031155,person,0.8094813227653503,0
2026-05-04 20:59:27.527414,person,0.811292827129364,0
2026-05-04 20:59:28.170942,person,0.8210365772247314,0
2026-05-04 20:59:28.563818,person,0.8454382419586182,0
2026-05-04 20:59:30.178338,person,0.5993165373802185,0
2026-05-04 20:59:30.184807,cell phone,0.5710001587867737,1
2026-05-04 20:59:30.823860,person,0.5232253670692444,0
2026-05-04 20:59:31.140080,cell phone,0.6258012056350708,1
2026-05-04 20:59:34.822331,cell phone,0.6252502202987671,1
2026-05-04 20:59:36.923814,person,0.5596149563789368,0
2026-05-04 20:59:37.369819,person,0.6016972661018372,0
2026-05-04 20:59:38.124640,person,0.5254062414169312,0
2026-05-04 20:59:39.193138,person,0.6626397967338562,0
2026-05-04 20:59:39.572482,person,0.520478367805481,0
2026-05-04 20:59:41.925360,cell phone,0.582129716873169,1
2026-05-04 20:59:42.698355,cell phone,0.566180944442749,1
2026-05-04 20:59:43.339980,cell phone,0.5482180714607239,1
2026-05-04 20:59:43.344557,person,0.5427411794662476,1
2026-05-04 20:59:43.751673,cell phone,0.6693189144134521,1
2026-05-04 20:59:43.758817,person,0.5121826529502869,1
2026-05-04 20:59:45.798115,person,0.7640666365623474,0
2026-05-04 20:59:46.246394,person,0.7113926410675049,0
2026-05-04 20:59:46.998824,person,0.721306562423706,0
2026-05-04 20:59:47.854742,person,0.707388699054718,0
2026-05-04 20:59:57.515965,person,0.5815539956092834,0
2026-05-04 20:59:58.864733,person,0.5327339172363281,0
2026-05-04 21:00:01.407256,cell phone,0.5026162266731262,1
2026-05-04 21:00:01.727329,cell phone,0.6690552234649658,1
2026-05-04 21:00:02.155194,cell phone,0.7820968627929688,1
2026-05-04 21:00:02.729624,cell phone,0.6641213297843933,1
2026-05-04 21:00:03.285845,cell phone,0.8714714646339417,1
2026-05-04 21:00:03.956613,cell phone,0.5429990887641907,1
2026-05-04 21:00:05.805011,cell phone,0.5861927270889282,1
2026-05-04 21:00:06.282044,cell phone,0.6188031435012817,1
2026-05-04 21:00:06.849869,cell phone,0.6499229073524475,1
2026-05-04 21:00:07.323122,cell phone,0.5058634877204895,1
2026-05-04 21:00:09.558380,cell phone,0.6200251579284668,1
2026-05-04 21:00:12.568899,person,0.849520742893219,0
2026-05-04 21:00:13.045838,person,0.8468624353408813,0
2026-05-04 21:00:13.451256,person,0.8677580952644348,0
2026-05-04 21:00:14.064312,person,0.8835023045539856,0
2026-05-04 21:00:14.492620,person,0.8712190985679626,0
2026-05-04 21:00:15.287070,person,0.8682662844657898,0
2026-05-04 21:00:15.671409,person,0.8687546253204346,0
2026-05-04 21:00:16.328101,person,0.8539440035820007,0
2026-05-04 21:00:16.331033,person,0.5022503733634949,0
2026-05-04 21:00:16.738129,person,0.8694034814834595,0
2026-05-04 21:00:17.159976,person,0.8477558493614197,0
2026-05-04 21:00:18.033929,person,0.8669387102127075,0
2026-05-04 21:00:18.570560,person,0.8725747466087341,0
2026-05-04 21:00:19.053812,person,0.7026862502098083,0
2026-05-04 21:00:19.546732,person,0.7968773245811462,0
2026-05-04 21:00:20.256238,person,0.8068858981132507,0
2026-05-04 21:00:20.770969,person,0.8019809126853943,0
2026-05-04 21:00:21.589872,person,0.8284645676612854,0
2026-05-04 21:00:22.399781,person,0.7905996441841125,0
2026-05-04 21:00:22.892367,person,0.8191043138504028,0
2026-05-04 21:00:22.898349,person,0.5121710300445557,0
2026-05-04 21:00:23.512063,person,0.8137021064758301,0
2026-05-04 21:00:24.078582,person,0.7705006003379822,0
2026-05-04 21:00:24.354466,person,0.6937259435653687,0
2026-05-04 21:00:25.049452,person,0.6202982068061829,0
2026-05-04 21:00:25.497630,person,0.5097492933273315,0
2026-05-04 21:00:26.034447,person,0.7977957129478455,0
2026-05-04 21:00:26.603468,person,0.8706449270248413,0
2026-05-04 21:00:27.376639,person,0.896083652973175,0
2026-05-04 21:00:28.046358,person,0.9085224866867065,0
2026-05-04 21:00:28.391724,person,0.628994345664978,0
2026-05-04 21:00:28.705865,person,0.6888015270233154,0
2026-05-04 21:00:29.084808,person,0.7504076957702637,0
2026-05-04 21:00:29.359514,person,0.5728505253791809,0
2026-05-04 21:00:29.942861,person,0.7583151459693909,0
2026-05-04 21:00:30.346850,person,0.7049202919006348,0
2026-05-04 21:00:31.060024,person,0.7784135341644287,0
2026-05-04 21:00:31.380706,person,0.7226078510284424,0
2026-05-04 21:00:31.934089,person,0.6754972338676453,0
2026-05-04 21:00:32.755733,person,0.7804456949234009,0
2026-05-04 21:00:33.316040,person,0.7029877305030823,0
2026-05-04 21:00:33.820278,person,0.7832741141319275,0
2026-05-04 21:00:34.584362,person,0.8196499347686768,0
2026-05-04 21:00:35.208254,person,0.7831665873527527,0
2026-05-04 21:00:35.708552,person,0.7665088176727295,0
2026-05-04 21:00:36.491777,person,0.7771875262260437,0
2026-05-04 21:00:37.212061,person,0.7850627899169922,0
2026-05-04 21:00:38.240286,person,0.7838226556777954,0
2026-05-04 21:00:38.652917,person,0.7678370475769043,0
2026-05-04 21:00:39.198581,person,0.7729260325431824,0
2026-05-04 21:00:39.857601,person,0.8220167756080627,0
2026-05-04 21:00:40.180255,person,0.811457633972168,0
2026-05-04 21:00:40.523612,person,0.8196073770523071,0
2026-05-04 21:00:41.095055,person,0.834929883480072,0
2026-05-04 21:00:41.692796,person,0.8431139588356018,0
2026-05-04 21:00:42.110878,person,0.8303865194320679,0
2026-05-04 21:00:42.493552,person,0.7850419878959656,0
2026-05-04 21:00:42.953691,person,0.8002449870109558,0
2026-05-04 21:00:43.383233,person,0.8126074075698853,0
2026-05-04 21:00:43.921918,person,0.8408154249191284,0
2026-05-04 21:00:44.711248,person,0.8106085658073425,0
2026-05-04 21:00:45.407282,person,0.7819997072219849,0
2026-05-04 21:00:45.721594,person,0.7738252878189087,0
2026-05-04 21:00:46.486929,person,0.8294813632965088,0
2026-05-04 21:00:47.211644,person,0.8055518865585327,0
2026-05-04 21:00:47.555931,person,0.7941955327987671,0
2026-05-04 21:00:47.885424,person,0.8075554370880127,0
2026-05-04 21:00:48.604059,person,0.7489489316940308,0
2026-05-04 21:00:49.469135,person,0.8018869757652283,0
2026-05-04 21:00:50.511798,person,0.7152974605560303,0
2026-05-04 21:00:51.044599,person,0.7821258306503296,0
2026-05-04 21:00:51.746132,person,0.7193775177001953,0
2026-05-04 21:00:53.436984,person,0.7441360354423523,0
2026-05-04 21:00:54.378302,person,0.8022904992103577,0
2026-05-04 21:00:54.973447,person,0.6739593744277954,0
2026-05-04 21:00:55.372388,person,0.8340387344360352,0
2026-05-04 21:00:55.663791,person,0.8302854299545288,0
2026-05-04 21:00:56.105499,person,0.8195224404335022,0
2026-05-04 21:00:56.500566,person,0.802974283695221,0
2026-05-04 21:00:56.908758,person,0.8527752757072449,0
2026-05-04 21:00:57.212347,person,0.6434295177459717,0
2026-05-04 21:00:57.783409,person,0.8255374431610107,0
2026-05-04 21:00:58.171542,person,0.8247892260551453,0
2026-05-04 21:00:58.550241,person,0.5311713218688965,0
2026-05-04 21:00:58.839517,person,0.5438441038131714,0
2026-05-04 21:00:59.462302,person,0.6481433510780334,0
2026-05-04 21:00:59.922661,person,0.6784026026725769,0
2026-05-04 21:01:00.441540,person,0.64003986120224,0
2026-05-04 21:01:00.799898,person,0.6476719975471497,0
2026-05-04 21:01:01.327246,person,0.5536213517189026,0
2026-05-04 21:01:02.668257,person,0.7219319343566895,0
2026-05-04 21:01:03.220209,person,0.7532452344894409,0
2026-05-04 21:01:03.629907,person,0.778397262096405,0
2026-05-04 21:01:04.205373,person,0.6193426251411438,0
2026-05-04 21:01:05.143285,person,0.8217169046401978,0
2026-05-04 21:01:05.955113,person,0.7340385913848877,0
2026-05-04 21:01:06.768750,person,0.5249969959259033,0
2026-05-04 21:01:07.212215,person,0.7317172288894653,0
2026-05-04 21:01:07.568489,person,0.8874894380569458,0
2026-05-04 21:01:07.911284,person,0.8634831309318542,0
2026-05-04 21:01:08.417704,person,0.9105035662651062,0
2026-05-04 21:01:08.794369,person,0.9054555296897888,0
2026-05-04 21:01:09.115586,person,0.8855065107345581,0
2026-05-04 21:01:09.692802,person,0.8410078883171082,0
2026-05-04 21:01:10.410984,person,0.8903005123138428,0
2026-05-04 21:01:10.848426,person,0.9189319610595703,0
2026-05-04 21:01:11.157826,person,0.8824241161346436,0
2026-05-04 21:01:11.473857,person,0.8268603086471558,0
2026-05-04 21:01:12.003330,person,0.8913317918777466,0
2026-05-04 21:01:12.594080,person,0.8747820854187012,0
2026-05-04 21:01:12.601433,toothbrush,0.5179715156555176,0
2026-05-04 21:01:13.106163,person,0.8435134291648865,0
2026-05-04 21:01:13.438139,person,0.8958117365837097,0
2026-05-04 21:01:13.752357,person,0.8972000479698181,0
2026-05-04 21:01:14.168010,person,0.9076675176620483,0
2026-05-04 21:01:14.499328,person,0.8987835049629211,0
2026-05-04 21:01:14.817099,person,0.8909181356430054,0
2026-05-04 21:01:15.133450,person,0.8578764200210571,0
2026-05-04 21:01:15.496707,person,0.7524058222770691,0
2026-05-04 21:01:15.804064,person,0.7129145860671997,0
2026-05-04 21:01:16.271787,person,0.6939900517463684,0
2026-05-04 21:01:16.766608,person,0.7555896639823914,0
2026-05-04 21:01:17.390441,person,0.7988770008087158,0
2026-05-04 21:01:17.759775,person,0.7319853901863098,0
2026-05-04 21:01:18.329586,person,0.5198073387145996,0
2026-05-04 21:01:18.777359,person,0.775240957736969,0
2026-05-04 21:01:19.289639,person,0.6814518570899963,0
2026-05-04 21:01:19.857290,person,0.6256923079490662,0
2026-05-04 21:01:20.436985,person,0.8149268627166748,0
2026-05-04 21:01:21.053388,person,0.8349681496620178,0
2026-05-04 21:01:21.386336,person,0.7989163994789124,0
2026-05-04 21:01:21.944301,person,0.818432629108429,0
2026-05-04 21:01:22.496722,person,0.8491691946983337,0
2026-05-04 21:01:23.018641,person,0.8359452486038208,0
2026-05-04 21:01:23.312206,person,0.8298560976982117,0
2026-05-04 21:01:23.749201,person,0.8402894735336304,0
2026-05-04 21:01:24.049709,person,0.8825040459632874,0
2026-05-04 21:01:24.681288,person,0.843687117099762,0
2026-05-04 21:01:25.080797,person,0.8648037910461426,0
2026-05-04 21:01:25.555834,person,0.8202680349349976,0
2026-05-04 21:01:26.559071,toothbrush,0.6254884600639343,0
2026-05-04 21:01:26.561368,person,0.5226174592971802,0
2026-05-04 21:01:27.273624,toothbrush,0.5296350717544556,0
2026-05-04 21:01:27.920542,toothbrush,0.5971420407295227,0
2026-05-04 21:01:28.429716,baseball bat,0.5417473912239075,0
2026-05-04 21:01:28.437316,person,0.520018458366394,0
2026-05-04 21:01:28.941859,toothbrush,0.5847894549369812,0
2026-05-04 21:01:29.313260,toothbrush,0.6413055658340454,0
2026-05-04 21:01:29.812633,toothbrush,0.6224474310874939,0
2026-05-04 21:01:29.817920,baseball bat,0.5187973976135254,0
2026-05-04 21:01:30.504614,baseball bat,0.6652920842170715,0
2026-05-04 21:01:31.121304,toothbrush,0.5036407113075256,0
2026-05-04 21:01:33.106701,toothbrush,0.5565035939216614,0
2026-05-04 21:01:33.685305,toothbrush,0.6263245344161987,0
2026-05-04 21:01:36.646522,baseball bat,0.6346902251243591,0
2026-05-04 21:01:37.781597,toothbrush,0.6102182865142822,0
2026-05-04 21:01:39.551111,baseball bat,0.5160977840423584,0
2026-05-04 21:01:41.078961,baseball bat,0.6150158047676086,0
2026-05-04 21:01:41.619551,baseball bat,0.6730711460113525,0
2026-05-04 21:01:42.031775,toothbrush,0.5566959381103516,0
2026-05-04 21:01:42.040525,baseball bat,0.5030872225761414,0
2026-05-04 21:01:43.364911,baseball bat,0.6719393730163574,0
2026-05-04 21:01:44.067750,baseball bat,0.6666251420974731,0
2026-05-04 21:01:44.857762,toothbrush,0.5914013981819153,0
2026-05-04 21:01:45.933620,toothbrush,0.5213417410850525,0
2026-05-04 21:01:48.947118,toothbrush,0.5160477757453918,0
2026-05-04 21:01:49.707495,toothbrush,0.5294029116630554,0
2026-05-04 21:01:50.729884,baseball bat,0.5056052207946777,0
2026-05-04 21:01:51.476513,baseball bat,0.6061210632324219,0
2026-05-04 21:01:52.329672,toothbrush,0.5334862470626831,0
2026-05-04 21:01:53.682369,toothbrush,0.5525346398353577,0
2026-05-04 21:01:53.686991,baseball bat,0.5385941863059998,0
2026-05-04 21:01:55.483526,toothbrush,0.5664559602737427,0
2026-05-04 21:01:55.949091,toothbrush,0.5051960945129395,0
2026-05-04 21:01:56.999155,toothbrush,0.6312647461891174,0
2026-05-04 21:01:57.938178,toothbrush,0.5377657413482666,0
2026-05-04 21:02:00.287049,toothbrush,0.5627452731132507,0
2026-05-04 21:02:00.813269,baseball bat,0.6050909161567688,0
2026-05-04 21:02:02.447223,toothbrush,0.577505886554718,0
2026-05-04 21:02:07.427693,person,0.694054126739502,0
2026-05-04 21:02:09.329411,person,0.6415910124778748,0
2026-05-04 21:02:10.876912,person,0.7213485240936279,0
2026-05-04 21:02:11.868825,person,0.6827945709228516,0
2026-05-04 21:02:12.962560,person,0.6384666562080383,0
2026-05-04 21:02:13.729054,person,0.647106409072876,0
2026-05-04 21:02:14.596063,person,0.5450568795204163,0
2026-05-04 21:02:15.594649,toothbrush,0.7457646131515503,0
2026-05-04 21:02:16.037336,toothbrush,0.6891210675239563,0
2026-05-04 21:02:23.182508,toothbrush,0.5808936953544617,0
2026-05-04 21:02:24.609617,toothbrush,0.5019148588180542,0
2026-05-04 21:02:25.367930,toothbrush,0.7134034037590027,0
2026-05-04 21:02:25.750473,toothbrush,0.599062979221344,0
2026-05-04 21:02:26.199251,toothbrush,0.6798923015594482,0
2026-05-04 21:02:27.127616,toothbrush,0.574918270111084,0
2026-05-04 21:02:28.503075,toothbrush,0.7651835083961487,0
2026-05-04 21:02:29.005690,toothbrush,0.5694476962089539,0
2026-05-04 21:02:29.571845,toothbrush,0.633692741394043,0
2026-05-04 21:02:30.432038,toothbrush,0.7052149176597595,0
2026-05-04 21:02:30.902023,toothbrush,0.6440967321395874,0
2026-05-04 21:02:31.628557,toothbrush,0.7943587303161621,0
2026-05-04 21:02:32.448784,toothbrush,0.6087347865104675,0
2026-05-04 21:02:32.452481,toothbrush,0.5297412276268005,0
2026-05-04 21:02:33.342912,toothbrush,0.7624741792678833,0
2026-05-04 21:02:34.614085,toothbrush,0.6036986112594604,0
2026-05-04 21:02:34.619627,person,0.5521418452262878,0
2026-05-04 21:02:35.298371,person,0.6935931444168091,0
2026-05-04 21:02:35.992840,person,0.693912148475647,0
2026-05-04 21:02:36.815234,person,0.6171244978904724,0
2026-05-04 21:02:37.711093,person,0.6650059223175049,0
2026-05-04 21:02:38.233340,person,0.7239363193511963,0
2026-05-04 21:02:39.750719,person,0.6191602945327759,0
2026-05-04 21:02:40.563730,person,0.6105729341506958,0
2026-05-04 21:02:41.299645,person,0.716733455657959,0
2026-05-04 21:02:42.191416,person,0.7759228944778442,0
2026-05-04 21:02:42.794039,person,0.6733063459396362,0
2026-05-04 21:02:43.363665,person,0.6115376949310303,0
2026-05-04 21:02:44.119516,person,0.7602335214614868,0
2026-05-04 21:02:44.523600,person,0.8162722587585449,0
2026-05-04 21:02:45.259472,person,0.7323392629623413,0
2026-05-04 21:02:45.924785,person,0.7461302876472473,0
2026-05-04 21:02:46.609465,person,0.7130671143531799,0
2026-05-04 21:02:47.059680,person,0.7181344032287598,0
2026-05-04 21:02:48.002229,person,0.796963632106781,0
2026-05-04 21:02:48.443081,person,0.7979568839073181,0
2026-05-04 21:02:49.203146,person,0.7496318817138672,0
2026-05-04 21:02:49.502686,person,0.8193681240081787,0
2026-05-04 21:02:50.158864,person,0.7611553072929382,0
2026-05-04 21:02:51.366527,person,0.7498281002044678,0
2026-05-04 21:02:51.767528,person,0.7172861099243164,0
2026-05-04 21:02:52.694776,person,0.7544603943824768,0
2026-05-04 21:02:53.550072,person,0.765626847743988,0
2026-05-04 21:02:54.257590,person,0.7066158056259155,0
2026-05-04 21:02:54.767369,person,0.7734503149986267,0
2026-05-04 21:02:55.286021,person,0.8714593052864075,0
2026-05-04 21:02:56.047566,person,0.8408172726631165,0
2026-05-04 21:02:56.550362,person,0.881193220615387,0
2026-05-04 21:02:57.090805,person,0.8762462139129639,0
2026-05-04 21:02:57.842713,person,0.8513237833976746,0
2026-05-04 21:02:58.345399,person,0.8403252363204956,0
2026-05-04 21:02:58.924814,person,0.6991363167762756,0
2026-05-04 21:02:59.495951,person,0.8358639478683472,0
2026-05-04 21:02:59.500249,baseball bat,0.5414156317710876,0
2026-05-04 21:03:00.052381,person,0.6627181768417358,0
2026-05-04 21:03:00.615586,person,0.8578446507453918,0
2026-05-04 21:03:01.277489,person,0.8178396224975586,0
2026-05-04 21:03:01.625140,person,0.6608792543411255,0
2026-05-04 21:03:02.589414,baseball bat,0.565058708190918,0
2026-05-04 21:03:03.114991,baseball bat,0.5892642736434937,0
2026-05-04 21:03:03.990695,baseball bat,0.5312936305999756,0
2026-05-04 21:03:05.691311,baseball bat,0.541064441204071,0
2026-05-04 21:03:16.288734,baseball bat,0.5457371473312378,0
2026-05-04 21:03:16.937973,baseball bat,0.5494306087493896,0
2026-05-04 21:03:17.219597,baseball bat,0.6567700505256653,0
2026-05-04 21:03:17.879899,person,0.597825288772583,0
2026-05-04 21:03:17.884588,spoon,0.5028544664382935,0
2026-05-04 21:03:18.306022,person,0.6341410279273987,0
2026-05-04 21:03:18.730984,person,0.5585719347000122,0
2026-05-04 21:03:20.119351,person,0.6357613801956177,0
2026-05-04 21:03:21.965921,baseball bat,0.6758402585983276,0
2026-05-04 21:03:26.418078,person,0.5316219329833984,0
2026-05-04 21:03:26.891533,spoon,0.5859180092811584,0
2026-05-04 21:03:27.185109,spoon,0.5668330192565918,0
2026-05-04 21:03:31.912893,spoon,0.521018385887146,0
2026-05-04 21:03:32.283529,spoon,0.5477902293205261,0
2026-05-04 21:03:37.644572,spoon,0.5853870511054993,0
2026-05-04 21:03:38.961695,person,0.5013131499290466,0
2026-05-04 21:03:39.570632,person,0.5158640146255493,0
2026-05-04 21:03:40.289260,spoon,0.5359129309654236,0
2026-05-04 21:03:41.069384,spoon,0.543627142906189,0
2026-05-04 21:03:41.694764,spoon,0.6075767874717712,0
2026-05-04 21:03:42.141203,person,0.5069872140884399,0
2026-05-04 21:03:42.441834,person,0.5911636352539062,0
2026-05-04 21:03:42.828032,person,0.5729815363883972,0
2026-05-04 21:03:43.282307,person,0.5459638833999634,0
2026-05-04 21:03:43.957956,person,0.5878791809082031,0
2026-05-04 21:03:57.808976,baseball bat,0.6854855418205261,0
2026-05-04 21:03:57.811969,person,0.5339756608009338,0
2026-05-04 21:04:04.081814,person,0.5858138799667358,0
2026-05-04 21:04:04.409088,person,0.5486478805541992,0
2026-05-04 21:04:06.363668,toothbrush,0.5250833034515381,0
2026-05-04 21:04:08.154487,person,0.5065284371376038,0
2026-05-04 21:04:09.440920,spoon,0.5906165838241577,0
2026-05-04 21:04:10.140577,person,0.5042631030082703,0
2026-05-04 21:04:10.702232,spoon,0.7662768363952637,0
2026-05-04 21:04:11.232983,spoon,0.7991397380828857,0
2026-05-04 21:04:11.615906,spoon,0.8421133756637573,0
2026-05-04 21:04:11.899087,spoon,0.6281933784484863,0
2026-05-04 21:04:12.537271,spoon,0.7194493412971497,0
2026-05-04 21:04:12.886313,spoon,0.7904857397079468,0
2026-05-04 21:04:13.196872,spoon,0.8282772302627563,0
2026-05-04 21:04:13.669643,spoon,0.6420641541481018,0
2026-05-04 21:04:14.048846,spoon,0.5980085134506226,0
2026-05-04 21:04:15.928616,spoon,0.5485576391220093,0
2026-05-04 21:04:16.988433,spoon,0.6245244741439819,0
2026-05-04 21:04:17.310107,spoon,0.5362586379051208,0
2026-05-04 21:04:17.628920,spoon,0.5226894617080688,0
2026-05-04 21:04:18.120413,spoon,0.6609147191047668,0
2026-05-04 21:04:18.485983,spoon,0.6754474639892578,0
2026-05-04 21:04:18.786592,spoon,0.6669775247573853,0
2026-05-04 21:04:19.429576,spoon,0.5689814686775208,0
2026-05-04 21:04:19.966957,spoon,0.6487236022949219,0
2026-05-04 21:04:21.889953,person,0.7116273641586304,0
2026-05-04 21:04:22.150604,person,0.8228601813316345,0
2026-05-04 21:04:22.990649,person,0.7718155980110168,0
2026-05-04 21:04:23.630133,person,0.7685818076133728,0
2026-05-04 21:04:23.937112,person,0.8598906397819519,0
2026-05-04 21:04:24.270622,person,0.8850792050361633,0
2026-05-04 21:04:24.710618,person,0.8800660967826843,0
2026-05-04 21:04:25.065891,person,0.8784587383270264,0
2026-05-04 21:04:25.549420,person,0.8703838586807251,0
2026-05-04 21:04:26.007463,person,0.8594709038734436,0
2026-05-04 21:04:26.580839,person,0.8475362062454224,0
2026-05-04 21:04:27.108234,person,0.8779742121696472,0
2026-05-04 21:04:27.557635,person,0.8733258843421936,0
2026-05-04 21:04:28.023572,person,0.8461477160453796,0
2026-05-04 21:04:28.611467,person,0.8518615961074829,0
2026-05-04 21:04:28.874949,person,0.8470815420150757,0
2026-05-04 21:04:29.211273,person,0.855407178401947,0
2026-05-04 21:04:29.506894,person,0.8389101028442383,0
2026-05-04 21:04:29.832955,person,0.8500080704689026,0
2026-05-04 21:04:30.117478,person,0.8622552752494812,0
2026-05-04 21:04:30.586047,person,0.8560488224029541,0
2026-05-04 21:04:30.894253,person,0.8485229015350342,0
2026-05-04 21:04:31.421484,person,0.8493133783340454,0
2026-05-04 21:04:31.836885,person,0.8556053638458252,0
2026-05-04 21:04:32.374546,person,0.8473830223083496,0
2026-05-04 21:04:32.835859,person,0.8571849465370178,0
2026-05-04 21:04:33.300524,person,0.8395426869392395,0
2026-05-04 21:04:33.687967,person,0.8656904697418213,0
2026-05-04 21:04:34.246450,person,0.8589819073677063,0
2026-05-04 21:04:34.512446,person,0.8484321236610413,0
2026-05-04 21:04:34.974010,person,0.868590772151947,0
2026-05-04 21:04:35.304108,person,0.8645490407943726,0
2026-05-04 21:04:35.695144,person,0.8611826300621033,0
2026-05-04 21:04:36.041781,person,0.857804000377655,0
2026-05-04 21:04:36.422380,person,0.8510547876358032,0
2026-05-04 21:04:36.800999,person,0.8470278382301331,0
2026-05-04 21:04:37.084154,person,0.8648638129234314,0
2026-05-04 21:04:37.373107,person,0.8596730828285217,0
2026-05-04 21:04:37.950267,person,0.813353955745697,0
2026-05-04 21:04:38.243967,person,0.7036632895469666,0
2026-05-04 21:04:38.565273,person,0.7882336378097534,0
2026-05-04 21:04:39.122547,person,0.7539787888526917,0
2026-05-04 21:04:39.466011,person,0.6781365275382996,0
2026-05-04 21:04:39.480236,person,0.534622848033905,0
2026-05-04 21:04:39.797046,person,0.7727551460266113,0
2026-05-04 21:04:40.320149,person,0.8665384650230408,0
2026-05-04 21:04:40.621897,person,0.8677460551261902,0
2026-05-04 21:04:41.010116,person,0.8587161302566528,0
2026-05-04 21:04:41.358395,person,0.8449496030807495,0
2026-05-04 21:04:41.874891,person,0.8783701658248901,0
2026-05-04 21:04:42.357158,person,0.8770408630371094,0
2026-05-04 21:04:42.735050,person,0.8727455139160156,0
2026-05-04 21:04:43.197465,person,0.8700154423713684,0
2026-05-04 21:04:43.691328,person,0.8482749462127686,0
2026-05-04 21:04:44.076127,person,0.8630664348602295,0
2026-05-04 21:04:45.000751,person,0.8202306628227234,0
2026-05-04 21:04:45.574433,person,0.8466762900352478,0
2026-05-04 21:04:46.080812,person,0.8437764048576355,0
2026-05-04 21:04:46.574083,person,0.8367332220077515,0
2026-05-04 21:04:47.107050,person,0.8524993658065796,0
2026-05-04 21:04:47.613693,person,0.8479570150375366,0
2026-05-04 21:04:48.148715,person,0.858518123626709,0
2026-05-04 21:04:48.821006,person,0.8383529186248779,0
2026-05-04 21:04:49.351551,person,0.8501092791557312,0
2026-05-04 21:04:49.928196,person,0.8572881817817688,0
2026-05-04 21:04:50.433168,person,0.8682715892791748,0
2026-05-04 21:04:50.730580,person,0.8640602827072144,0
2026-05-04 21:04:51.050665,person,0.8683388233184814,0
2026-05-04 21:04:51.505758,person,0.8613752722740173,0
2026-05-04 21:04:51.826304,person,0.8541889786720276,0
2026-05-04 21:04:52.355540,person,0.7454279661178589,0
2026-05-04 21:04:53.373241,baseball bat,0.6503861546516418,0
2026-05-04 21:04:53.922688,person,0.5922856330871582,0
2026-05-04 21:04:54.467248,person,0.6843936443328857,0
2026-05-04 21:04:54.849235,person,0.6608080267906189,0
2026-05-04 21:04:55.387601,person,0.6569304466247559,0
2026-05-04 21:04:55.862825,person,0.6178981065750122,0
2026-05-04 21:04:56.147366,person,0.5787116885185242,0
2026-05-04 21:04:56.628830,person,0.6105509996414185,0
2026-05-04 21:04:57.157418,person,0.6784485578536987,0
2026-05-04 21:04:57.161942,baseball bat,0.5833368301391602,0
2026-05-04 21:04:57.468873,baseball bat,0.6942523717880249,0
2026-05-04 21:04:57.474577,person,0.6638492345809937,0
2026-05-04 21:04:57.783099,person,0.6735021471977234,0
2026-05-04 21:04:58.212242,person,0.5812262892723083,0
2026-05-04 21:04:59.300026,person,0.7349231243133545,0
2026-05-04 21:04:59.684866,baseball bat,0.6267876625061035,0
2026-05-04 21:04:59.688459,person,0.5866935849189758,0
2026-05-04 21:05:00.070559,baseball bat,0.7845452427864075,0
2026-05-04 21:05:00.084086,person,0.5491628646850586,0
2026-05-04 21:05:00.548409,baseball bat,0.7729582190513611,0
2026-05-04 21:05:00.553381,person,0.5538354516029358,0
2026-05-04 21:05:01.033557,person,0.6557636260986328,0
2026-05-04 21:05:01.039778,baseball bat,0.5646950006484985,0
2026-05-04 21:05:01.395676,person,0.5528875589370728,0
2026-05-04 21:05:01.760318,person,0.6608193516731262,0
2026-05-04 21:05:02.110958,person,0.5584965944290161,0
2026-05-04 21:05:02.907966,baseball bat,0.668907105922699,0
2026-05-04 21:05:03.443152,baseball bat,0.6048738956451416,0
2026-05-04 21:05:04.128314,baseball bat,0.610817015171051,0
2026-05-04 21:05:04.705412,person,0.572417140007019,0
2026-05-04 21:05:05.145518,person,0.6366673707962036,0
2026-05-04 21:05:05.155357,baseball bat,0.6365508437156677,0
2026-05-04 21:05:06.739192,person,0.5303336977958679,0
2026-05-04 21:05:07.405737,person,0.6792325973510742,0
2026-05-04 21:05:07.689822,person,0.535105288028717,0
2026-05-04 21:05:08.429429,spoon,0.5596157908439636,0
2026-05-04 21:05:08.433470,person,0.5174699425697327,0
2026-05-04 21:05:09.249759,baseball bat,0.5559065937995911,0
2026-05-04 21:05:11.084761,baseball bat,0.5110563039779663,0
2026-05-04 21:05:12.753459,baseball bat,0.5648318529129028,0
2026-05-04 21:05:13.056830,baseball bat,0.5253845453262329,0
2026-05-04 21:05:15.462121,spoon,0.6806892156600952,0
2026-05-04 21:05:15.465997,person,0.5997368693351746,0
2026-05-04 21:05:15.943942,person,0.5747950077056885,0
2026-05-04 21:05:18.370317,spoon,0.5440971255302429,0
2026-05-04 21:05:18.936914,spoon,0.5788319110870361,0
2026-05-04 21:05:19.212820,spoon,0.5247836112976074,0
2026-05-04 21:05:26.288845,spoon,0.689486026763916,0
2026-05-04 21:05:26.647104,spoon,0.5182013511657715,0
2026-05-04 21:05:27.250638,spoon,0.7179163694381714,0
2026-05-04 21:05:27.563823,spoon,0.6974364519119263,0
2026-05-04 21:05:27.851637,spoon,0.7503299713134766,0
2026-05-04 21:05:28.517335,spoon,0.6804323792457581,0
2026-05-04 21:05:29.541847,spoon,0.5320292711257935,0
2026-05-04 21:05:30.054636,spoon,0.5391209125518799,0
2026-05-04 21:05:30.557182,spoon,0.7546746730804443,0
2026-05-04 21:05:31.035892,spoon,0.6667786836624146,0
2026-05-04 21:05:31.542845,spoon,0.6748827695846558,0
2026-05-04 21:05:31.938836,spoon,0.5229191184043884,0
2026-05-04 21:05:32.287560,spoon,0.6468153595924377,0
2026-05-04 21:05:33.191114,spoon,0.5972784757614136,0
2026-05-04 21:05:33.790857,spoon,0.652371346950531,0
2026-05-04 21:05:34.307335,spoon,0.6325332522392273,0
2026-05-04 21:05:35.056042,spoon,0.608453094959259,0
2026-05-04 21:05:36.328426,person,0.655376672744751,0
2026-05-04 21:05:36.662724,person,0.6614432334899902,0
2026-05-04 21:05:37.292343,person,0.8390733599662781,0
2026-05-04 21:05:38.036826,person,0.8129445314407349,0
2026-05-04 21:05:38.622724,person,0.8483479022979736,0
2026-05-04 21:05:38.987639,person,0.8257874250411987,0
2026-05-04 21:05:39.449260,person,0.8992962837219238,0
2026-05-04 21:05:39.830215,person,0.8961458206176758,0
2026-05-04 21:05:40.448013,person,0.9089407920837402,0
2026-05-04 21:05:40.908850,person,0.9126028418540955,0
2026-05-04 21:05:42.048161,person,0.9067298173904419,0
2026-05-04 21:05:42.483917,person,0.9034630060195923,0
2026-05-04 21:05:42.858753,person,0.8975722789764404,0
2026-05-04 21:05:43.272537,person,0.8821966648101807,0
2026-05-04 21:05:44.006040,person,0.9055815935134888,0
2026-05-04 21:05:44.386197,person,0.8960416913032532,0
2026-05-04 21:05:44.809344,person,0.8121118545532227,0
2026-05-04 21:05:45.269128,person,0.7825957536697388,0
2026-05-04 21:05:45.783934,person,0.752769947052002,0
2026-05-04 21:05:47.144164,person,0.865962028503418,0
2026-05-04 21:05:47.862274,person,0.587399959564209,0
2026-05-04 21:05:48.300651,person,0.8394842743873596,0
2026-05-04 21:05:48.824980,person,0.6621571779251099,0
2026-05-04 21:05:49.358626,person,0.635199248790741,0
2026-05-04 21:05:49.854936,person,0.6573465466499329,0
2026-05-04 21:05:49.859950,person,0.6264996528625488,0
2026-05-04 21:05:50.200099,person,0.8241718411445618,0
2026-05-04 21:05:50.803070,person,0.8000437021255493,0
2026-05-04 21:05:51.317590,person,0.6943343877792358,0
2026-05-04 21:05:51.845478,person,0.839591383934021,0
2026-05-04 21:05:52.375495,person,0.7198883295059204,0
2026-05-04 21:05:52.993227,person,0.6206027269363403,0
2026-05-04 21:05:53.527342,person,0.7410556077957153,0
2026-05-04 21:05:54.237078,person,0.5588329434394836,0
2026-05-04 21:05:54.654309,person,0.844733715057373,0
2026-05-04 21:05:54.955119,person,0.8301985263824463,0
2026-05-04 21:05:55.462251,person,0.7825261354446411,0
2026-05-04 21:05:55.959480,person,0.7426038980484009,0
2026-05-04 21:05:56.296694,person,0.739098072052002,0
2026-05-04 21:05:56.809549,person,0.6306227445602417,0
2026-05-04 21:05:57.505465,person,0.7081121206283569,0
2026-05-04 21:05:57.956173,person,0.6116200685501099,0
2026-05-04 21:05:59.219462,person,0.650062084197998,0
2026-05-04 21:05:59.656494,person,0.7893829345703125,0
2026-05-04 21:06:00.201890,person,0.5089779496192932,0
2026-05-04 21:06:13.571573,dog,0.5046857595443726,0
2026-05-04 21:06:28.366780,person,0.7769103050231934,0
2026-05-04 21:06:29.234868,person,0.7717885375022888,0
2026-05-04 21:06:29.599907,person,0.533212423324585,0
2026-05-04 21:06:30.102006,person,0.8037928938865662,0
2026-05-04 21:06:30.580666,person,0.7010732889175415,0
2026-05-04 21:06:31.094532,person,0.7406830787658691,0
2026-05-04 21:06:39.561568,person,0.6153236031532288,0
2026-05-04 21:06:40.215423,person,0.528343677520752,0
2026-05-04 21:06:40.747472,person,0.5875584483146667,0
2026-05-04 21:06:41.305944,person,0.5325453281402588,0
2026-05-04 21:06:41.834421,person,0.5372639298439026,0
2026-05-04 21:06:43.301239,person,0.6090012192726135,0
2026-05-04 21:06:44.899422,person,0.5398153066635132,0
2026-05-04 21:06:45.882372,teddy bear,0.7288369536399841,0
2026-05-04 21:07:02.258392,person,0.829529345035553,0
2026-05-04 21:07:03.060940,person,0.885349452495575,0
2026-05-04 21:07:03.747698,person,0.8092275261878967,0
2026-05-04 21:07:04.607654,person,0.7400780916213989,0
2026-05-04 21:07:05.360671,person,0.6274059414863586,0
2026-05-04 21:07:05.831359,person,0.6714308261871338,0
2026-05-04 21:07:06.776423,person,0.5700916051864624,0
2026-05-04 21:07:07.352750,person,0.7046153545379639,0
2026-05-04 21:07:08.202013,person,0.6273418664932251,0
2026-05-04 21:07:08.653683,person,0.6490289568901062,0
2026-05-04 21:07:09.049599,person,0.7460852861404419,0
2026-05-04 21:07:09.821104,person,0.8243521451950073,0
2026-05-04 21:07:10.311299,person,0.7673342823982239,0
2026-05-04 21:07:10.777271,person,0.7971259951591492,0
2026-05-04 21:07:11.737402,person,0.8208014965057373,0
2026-05-04 21:07:12.251762,person,0.8014965057373047,0
2026-05-04 21:07:12.881712,person,0.7540783882141113,0
2026-05-04 21:07:13.720668,person,0.6964876651763916,0
2026-05-04 21:07:14.303934,person,0.7156556248664856,0
2026-05-04 21:07:14.827620,person,0.8377103805541992,0
2026-05-04 21:07:15.554167,person,0.8122984170913696,0
2026-05-04 21:07:16.413480,person,0.6806125044822693,0
2026-05-04 21:07:16.729065,person,0.8333966135978699,0
2026-05-04 21:07:17.045585,person,0.6725229620933533,0
2026-05-04 21:07:17.541442,person,0.7693473696708679,0
2026-05-04 21:07:18.352585,person,0.7740757465362549,0
2026-05-04 21:07:19.351738,person,0.8025721907615662,0
2026-05-04 21:07:19.995698,person,0.7320996522903442,0
2026-05-04 21:07:20.403550,person,0.7405046820640564,0
2026-05-04 21:07:21.037165,person,0.7183871865272522,0
2026-05-04 21:07:21.381418,person,0.6080854535102844,0
2026-05-04 21:07:22.253669,person,0.8561593890190125,0
2026-05-04 21:07:22.783417,person,0.8774389028549194,0
2026-05-04 21:07:23.087442,person,0.7934092879295349,0
2026-05-04 21:07:23.392806,person,0.8485499620437622,0
2026-05-04 21:07:23.682933,person,0.8355976939201355,0
2026-05-04 21:07:24.324930,person,0.8543907403945923,0
2026-05-04 21:07:24.886492,person,0.844428539276123,0
2026-05-04 21:07:25.234680,person,0.8525882363319397,0
2026-05-04 21:07:25.701329,person,0.8333514928817749,0
2026-05-04 21:07:26.055164,person,0.7256607413291931,0
2026-05-04 21:07:26.347441,person,0.7560848593711853,0
2026-05-04 21:07:27.005322,person,0.631558358669281,0
2026-05-04 21:07:27.994909,person,0.5158309936523438,0
2026-05-04 21:07:29.181322,person,0.8326938152313232,0
2026-05-04 21:07:29.674298,person,0.5662221312522888,0
2026-05-04 21:07:30.134439,person,0.7566043138504028,0
2026-05-04 21:07:32.403818,person,0.5600095987319946,0
2026-05-04 21:07:33.022372,person,0.6762274503707886,0
2026-05-04 21:07:33.636911,person,0.7139870524406433,0
2026-05-04 21:07:34.131500,person,0.7152401804924011,0
2026-05-04 21:07:34.734059,person,0.6123867034912109,0
2026-05-04 21:07:34.741630,bottle,0.6105948090553284,0
2026-05-04 21:07:35.242649,person,0.5584177374839783,0
2026-05-04 21:07:35.603920,bottle,0.7486200332641602,0
2026-05-04 21:07:35.606767,person,0.5466974973678589,0
2026-05-04 21:07:37.169482,person,0.6204720139503479,0
2026-05-04 21:07:38.055092,person,0.5975633859634399,0
2026-05-04 21:07:38.606320,remote,0.6762486696243286,0
2026-05-04 21:07:39.814027,remote,0.5758825540542603,0
2026-05-04 21:07:40.297469,cell phone,0.5472801923751831,1
2026-05-04 21:07:40.303309,remote,0.5070266723632812,1
2026-05-04 21:07:40.632232,person,0.6225038766860962,0
2026-05-04 21:07:42.145473,person,0.630574643611908,0
2026-05-04 21:07:43.002149,person,0.6267712116241455,0
2026-05-04 21:07:43.409871,person,0.5589507222175598,0
2026-05-04 21:07:43.874315,person,0.6990453004837036,0
2026-05-04 21:07:44.556025,person,0.6311118006706238,0
2026-05-04 21:07:44.567032,remote,0.5292068719863892,0
2026-05-04 21:07:44.916644,person,0.5878154039382935,0
2026-05-04 21:07:45.360039,remote,0.5534384250640869,0
2026-05-04 21:07:45.365025,person,0.5182434916496277,0
2026-05-04 21:07:45.922718,remote,0.5404456257820129,0
2026-05-04 21:07:46.419830,person,0.5612438917160034,0
2026-05-04 21:07:46.918464,remote,0.5105004906654358,0
2026-05-04 21:07:46.922532,person,0.5095970630645752,0
2026-05-04 21:07:47.463381,person,0.5912555456161499,0
2026-05-04 21:07:47.467851,remote,0.5371928215026855,0
2026-05-04 21:07:48.022786,person,0.555071234703064,0
2026-05-04 21:07:48.027584,remote,0.5311439633369446,0
2026-05-04 21:07:48.522554,person,0.7132598161697388,0
2026-05-04 21:07:49.028417,person,0.6706930994987488,0
2026-05-04 21:07:49.517201,person,0.7824037671089172,0
2026-05-04 21:07:49.946952,person,0.7344909310340881,0
2026-05-04 21:07:50.279588,person,0.6831051707267761,0
2026-05-04 21:07:50.865654,person,0.7680336833000183,0
2026-05-04 21:07:51.685103,person,0.7633834481239319,0
2026-05-04 21:07:52.205665,person,0.7687544822692871,0
2026-05-04 21:07:52.534876,person,0.6010000109672546,0
2026-05-04 21:07:52.808546,person,0.6744139790534973,0
2026-05-04 21:07:53.115221,person,0.8284085988998413,0
2026-05-04 21:07:53.593286,person,0.8736171126365662,0
2026-05-04 21:07:53.881645,person,0.7756530046463013,0
2026-05-04 21:07:54.902130,person,0.7404404878616333,0
2026-05-04 21:07:55.198381,person,0.508698046207428,0
2026-05-04 21:07:55.669663,person,0.753702700138092,0
2026-05-04 21:07:56.067564,person,0.7102234959602356,0
2026-05-04 21:07:56.369787,person,0.642643928527832,0
2026-05-04 21:07:56.780058,person,0.6281159520149231,0
2026-05-04 21:07:57.365904,person,0.7168616652488708,0
2026-05-04 21:07:57.640079,person,0.7254925966262817,0
2026-05-04 21:07:58.126452,person,0.7078108787536621,0
2026-05-04 21:07:58.641321,person,0.7245128154754639,0
2026-05-04 21:07:58.946811,person,0.6092331409454346,0
2026-05-04 21:07:59.534749,person,0.6761825680732727,0
2026-05-04 21:07:59.915684,person,0.6358960270881653,0
2026-05-04 21:08:01.595857,person,0.5413140058517456,0
2026-05-04 21:08:03.761099,person,0.6425444483757019,0
2026-05-04 21:08:04.190513,person,0.5207153558731079,0
2026-05-04 21:08:05.700211,toilet,0.6438501477241516,0
2026-05-04 21:08:19.027390,person,0.5663102269172668,0
2026-05-04 21:08:19.399254,person,0.5263975858688354,0
2026-05-04 21:08:22.149433,bottle,0.6680134534835815,0
2026-05-04 21:08:22.154717,person,0.5008071660995483,0
2026-05-04 21:08:22.845121,bottle,0.7591003775596619,0
2026-05-04 21:08:22.848990,person,0.7224793434143066,0
2026-05-04 21:08:23.396992,person,0.6789823174476624,0
2026-05-04 21:08:23.935167,person,0.8156643509864807,0
2026-05-04 21:08:23.940736,bottle,0.6359018087387085,0
2026-05-04 21:08:24.341997,person,0.8201236128807068,0
2026-05-04 21:08:24.353788,bottle,0.6627985835075378,0
2026-05-04 21:08:24.730246,person,0.8453477621078491,0
2026-05-04 21:08:25.050231,person,0.8366434574127197,0
2026-05-04 21:08:25.057011,bottle,0.6477034091949463,0
2026-05-04 21:08:25.515658,person,0.8586754202842712,0
2026-05-04 21:08:25.929851,person,0.8589832782745361,0
2026-05-04 21:08:26.215045,person,0.8754795789718628,0
2026-05-04 21:08:26.219806,bottle,0.6269283890724182,0
2026-05-04 21:08:26.722573,person,0.8482943177223206,0
2026-05-04 21:08:27.160362,person,0.8558555245399475,0
2026-05-04 21:08:27.167864,bottle,0.5795938968658447,0
2026-05-04 21:08:27.813452,person,0.8951177597045898,0
2026-05-04 21:08:28.184081,person,0.8910089731216431,0
2026-05-04 21:08:28.621786,person,0.7886964082717896,0
2026-05-04 21:08:29.000558,person,0.774125337600708,0
2026-05-04 21:08:29.529415,person,0.692395031452179,0
2026-05-04 21:08:29.945485,person,0.7704750299453735,0
2026-05-04 21:08:29.951377,bottle,0.7381969690322876,0
2026-05-04 21:08:30.260013,person,0.7469273209571838,0
2026-05-04 21:08:30.274756,bottle,0.6092979907989502,0
2026-05-04 21:08:30.697503,bottle,0.5900107622146606,0
2026-05-04 21:08:30.701328,person,0.5669460892677307,0
2026-05-04 21:08:31.437930,person,0.7663362622261047,0
2026-05-04 21:08:31.447391,bottle,0.5622187256813049,0
2026-05-04 21:08:31.734382,person,0.7936559319496155,0
2026-05-04 21:08:31.742889,bottle,0.7669006586074829,0
2026-05-04 21:08:32.036150,person,0.7884292602539062,0
2026-05-04 21:08:32.045110,bottle,0.6847144365310669,0
2026-05-04 21:08:32.469850,person,0.8184646368026733,0
2026-05-04 21:08:32.485282,bottle,0.7664255499839783,0
2026-05-04 21:08:33.421798,bottle,0.807426929473877,0
2026-05-04 21:08:33.426397,person,0.7671619057655334,0
2026-05-04 21:08:33.872209,person,0.8194227814674377,0
2026-05-04 21:08:34.370808,person,0.8118074536323547,0
2026-05-04 21:08:34.373455,bottle,0.5895243287086487,0
2026-05-04 21:08:34.674612,person,0.8299469351768494,0
2026-05-04 21:08:34.702254,bottle,0.7894722819328308,0
2026-05-04 21:08:35.234742,person,0.7737104296684265,0
2026-05-04 21:08:35.239444,bottle,0.6007112860679626,0
2026-05-04 21:08:35.541401,person,0.8037131428718567,0
2026-05-04 21:08:35.545733,bottle,0.6590409874916077,0
2026-05-04 21:08:35.847865,person,0.832395613193512,0
2026-05-04 21:08:36.550874,person,0.8429140448570251,0
2026-05-04 21:08:36.953511,person,0.861372709274292,0
2026-05-04 21:08:37.340197,person,0.8635908365249634,0
2026-05-04 21:08:37.700274,person,0.8765254616737366,0
2026-05-04 21:08:37.702983,bottle,0.5230225920677185,0
2026-05-04 21:08:38.133892,person,0.8761495351791382,0
2026-05-04 21:08:38.136958,bottle,0.5047463774681091,0
2026-05-04 21:08:38.582261,person,0.8733353018760681,0
2026-05-04 21:08:38.584940,bottle,0.568098783493042,0
2026-05-04 21:08:38.891279,person,0.8720381855964661,0
2026-05-04 21:08:38.894465,bottle,0.6773574352264404,0
2026-05-04 21:08:39.294553,person,0.8827714323997498,0
2026-05-04 21:08:39.811558,person,0.8773822784423828,0
2026-05-04 21:08:39.816667,bottle,0.7144582271575928,0
2026-05-04 21:08:40.278479,person,0.8802259564399719,0
2026-05-04 21:08:40.285461,bottle,0.6597933769226074,0
2026-05-04 21:08:40.568882,person,0.8632059097290039,0
2026-05-04 21:08:40.922673,person,0.8728815317153931,0
2026-05-04 21:08:41.359339,person,0.8708632588386536,0
2026-05-04 21:08:41.709130,person,0.8676714897155762,0
2026-05-04 21:08:41.717707,bottle,0.6632124185562134,0
2026-05-04 21:08:42.080627,person,0.8705549240112305,0
2026-05-04 21:08:42.085865,bottle,0.7572802305221558,0
2026-05-04 21:08:42.569508,person,0.8787708878517151,0
2026-05-04 21:08:42.573183,bottle,0.6890909671783447,0
2026-05-04 21:08:42.948790,person,0.8781148195266724,0
2026-05-04 21:08:42.954146,bottle,0.616474986076355,0
2026-05-04 21:08:43.508574,person,0.8634737730026245,0
2026-05-04 21:08:43.511834,bottle,0.5129901170730591,0
2026-05-04 21:08:44.070486,person,0.8870341181755066,0
2026-05-04 21:08:44.072991,bottle,0.529578447341919,0
2026-05-04 21:08:44.409232,person,0.8444283604621887,0
2026-05-04 21:08:44.411713,bottle,0.5534835457801819,0
2026-05-04 21:08:44.717663,person,0.876187801361084,0
2026-05-04 21:08:44.722305,bottle,0.6119168400764465,0
2026-05-04 21:08:45.140295,person,0.8536008596420288,0
2026-05-04 21:08:45.144084,bottle,0.5992473363876343,0
2026-05-04 21:08:45.515417,person,0.8319357633590698,0
2026-05-04 21:08:45.521913,bottle,0.5222611427307129,0
2026-05-04 21:08:46.039966,person,0.8654722571372986,0
2026-05-04 21:08:46.308606,person,0.8595185279846191,0
2026-05-04 21:08:46.311204,bottle,0.7000555992126465,0
2026-05-04 21:08:46.657852,person,0.8676580190658569,0
2026-05-04 21:08:46.989465,person,0.7934214472770691,0
2026-05-04 21:08:48.116192,person,0.874391496181488,0
2026-05-04 21:08:48.604281,person,0.8841983079910278,0
2026-05-04 21:08:49.323574,person,0.8861216306686401,0
2026-05-04 21:08:49.797530,person,0.8624529242515564,0
2026-05-04 21:08:50.584960,person,0.8668306469917297,0
2026-05-04 21:08:51.414348,person,0.8646059036254883,0
2026-05-04 21:08:52.082830,person,0.8920679092407227,0
2026-05-04 21:08:52.799917,person,0.8817549347877502,0
2026-05-04 21:08:53.176667,person,0.872983992099762,0
2026-05-04 21:08:53.569800,person,0.876705527305603,0
2026-05-04 21:08:53.874996,person,0.8866415619850159,0
2026-05-04 21:08:54.241963,person,0.912803053855896,0
2026-05-04 21:08:54.909808,person,0.9176923036575317,0
2026-05-04 21:08:55.391582,person,0.8843108415603638,0
2026-05-04 21:08:55.738096,person,0.8986427187919617,0
2026-05-04 21:08:56.015784,person,0.8876225352287292,0
2026-05-04 21:08:56.406247,person,0.8996521830558777,0
2026-05-04 21:08:56.888564,person,0.8960602879524231,0
2026-05-04 21:08:57.319036,person,0.9034613370895386,0
2026-05-04 21:08:57.890408,person,0.8904263973236084,0
2026-05-04 21:08:58.254841,person,0.8985133767127991,0
2026-05-04 21:08:58.572751,person,0.8889531493186951,0
2026-05-04 21:08:59.063922,person,0.9009656310081482,0
2026-05-04 21:08:59.581288,person,0.8987919688224792,0
2026-05-04 21:09:00.023879,person,0.9014337062835693,0
2026-05-04 21:09:00.302781,person,0.8927327394485474,0
2026-05-04 21:09:00.819583,person,0.8949792385101318,0
2026-05-04 21:09:01.119395,person,0.9002613425254822,0
2026-05-04 21:09:01.428486,person,0.8798611760139465,0
2026-05-04 21:09:01.704128,person,0.8251222372055054,0
2026-05-04 21:09:02.020386,person,0.8834782838821411,0
2026-05-04 21:09:02.589710,person,0.8730630278587341,0
2026-05-04 21:09:03.282886,person,0.8899155855178833,0
2026-05-04 21:09:03.704841,person,0.87876296043396,0
2026-05-04 21:09:04.166770,person,0.8913944959640503,0
2026-05-04 21:09:04.823218,person,0.8917953372001648,0
2026-05-04 21:09:05.381156,person,0.8660910725593567,0
2026-05-04 21:09:05.853824,person,0.8861535787582397,0
2026-05-04 21:09:06.437324,person,0.8752026557922363,0
2026-05-04 21:09:07.134745,person,0.8501371145248413,0
2026-05-04 21:09:07.620869,person,0.8459442257881165,0
2026-05-04 21:09:07.917067,person,0.8448220491409302,0
2026-05-04 21:09:08.634276,person,0.849404513835907,0
2026-05-04 21:09:09.167981,person,0.8612962961196899,0
2026-05-04 21:09:09.527254,person,0.8703591823577881,0
2026-05-04 21:09:09.979793,person,0.8856250047683716,0
2026-05-04 21:09:10.565807,person,0.8748770356178284,0
2026-05-04 21:09:11.235546,person,0.8261884450912476,0
2026-05-04 21:09:11.544956,person,0.8861277103424072,0
2026-05-04 21:09:11.800949,person,0.8732479810714722,0
2026-05-04 21:09:12.340569,person,0.8570082783699036,0
2026-05-04 21:09:12.878445,person,0.8808102607727051,0
2026-05-04 21:09:13.403126,person,0.8766722083091736,0
2026-05-04 21:09:13.988630,person,0.8858720660209656,0
2026-05-04 21:09:14.560829,person,0.8473380208015442,0
2026-05-04 21:09:15.046817,person,0.856433093547821,0
2026-05-04 21:09:15.499633,person,0.8558006882667542,0
2026-05-04 21:09:15.952319,person,0.883579671382904,0
2026-05-04 21:09:16.666491,person,0.8750983476638794,0
2026-05-04 21:09:17.189263,person,0.847053587436676,0
2026-05-04 21:09:17.810367,person,0.892896294593811,0
2026-05-04 21:09:18.314520,person,0.9025322794914246,0
2026-05-04 21:09:18.862771,person,0.9060288071632385,0
2026-05-04 21:09:19.233808,person,0.7785357236862183,0
2026-05-04 21:09:19.670943,person,0.6011900305747986,0
2026-05-04 21:09:53.694269,person,0.6364911198616028,0
2026-05-04 21:09:54.187123,person,0.6288041472434998,0
2026-05-04 21:09:54.843446,person,0.5208879709243774,0
2026-05-04 21:09:56.352285,person,0.6745496988296509,0
2026-05-04 21:09:56.641178,person,0.8121951222419739,0
2026-05-04 21:09:57.152446,person,0.7690161466598511,0
2026-05-04 21:09:57.666229,person,0.7569534182548523,0
2026-05-04 21:09:58.115727,person,0.821182370185852,0
2026-05-04 21:09:58.411597,person,0.6175364851951599,0
2026-05-04 21:10:00.576715,person,0.5394325256347656,0
2026-05-04 21:10:01.245940,person,0.6664687395095825,0
2026-05-04 21:10:02.894038,person,0.7192373275756836,0
2026-05-04 21:10:04.009770,person,0.848574161529541,0
2026-05-04 21:10:04.740918,person,0.824937641620636,0
2026-05-04 21:10:05.450812,person,0.5550271272659302,0
2026-05-04 21:10:06.029454,person,0.5967751145362854,0
2026-05-04 21:10:06.797174,person,0.5133992433547974,0
2026-05-04 21:10:12.292739,person,0.611685037612915,0
2026-05-04 21:10:16.936566,person,0.7147122621536255,0
2026-05-04 21:10:17.249033,person,0.9140506982803345,0
2026-05-04 21:10:17.635365,person,0.9326244592666626,0
2026-05-04 21:10:18.170834,person,0.9203128218650818,0
2026-05-04 21:10:18.175683,suitcase,0.5416514277458191,0
2026-05-04 21:10:18.538762,person,0.9330146908760071,0
2026-05-04 21:10:18.806160,person,0.7362560033798218,0
2026-05-04 21:10:18.820686,suitcase,0.5930619835853577,0
2026-05-04 21:10:19.397478,person,0.8699394464492798,0
2026-05-04 21:10:19.722781,person,0.8686345815658569,0
2026-05-04 21:10:20.196946,person,0.857867956161499,0
2026-05-04 21:10:20.864951,person,0.8690915703773499,0
2026-05-04 21:10:21.510507,person,0.8660174012184143,0
2026-05-04 21:10:21.791320,person,0.7341077327728271,0
2026-05-04 21:10:22.341967,person,0.7829306125640869,0
2026-05-04 21:10:22.620330,person,0.8536202311515808,0
2026-05-04 21:10:23.012406,person,0.6506921052932739,0
2026-05-04 21:10:23.363216,person,0.5602557063102722,0
2026-05-04 21:10:23.770490,person,0.6064679622650146,0
2026-05-04 21:10:24.191779,person,0.6554540991783142,0
2026-05-04 21:10:24.483308,person,0.6340322494506836,0
2026-05-04 21:10:25.025249,person,0.6113258004188538,0
2026-05-04 21:10:25.546822,person,0.6824266910552979,0
2026-05-04 21:10:25.925388,person,0.6354171633720398,0
2026-05-04 21:10:26.300841,person,0.7018420100212097,0
2026-05-04 21:10:26.781875,person,0.743830680847168,0
2026-05-04 21:10:27.085852,person,0.6719211935997009,0
2026-05-04 21:10:27.534762,person,0.6897262334823608,0
2026-05-04 21:10:27.904112,person,0.7025265693664551,0
2026-05-04 21:10:28.325792,person,0.672290563583374,0
2026-05-04 21:10:28.329762,person,0.5811909437179565,0
2026-05-04 21:10:28.788160,person,0.5822787284851074,0
2026-05-04 21:10:29.286355,person,0.6748672723770142,0
2026-05-04 21:10:29.816557,person,0.8404837846755981,0
2026-05-04 21:10:30.365807,person,0.9325470924377441,0
2026-05-04 21:10:30.809746,person,0.8247892260551453,0
2026-05-04 21:10:31.315698,person,0.8822950124740601,0
2026-05-04 21:10:31.766207,person,0.7686605453491211,0
2026-05-04 21:10:32.101079,person,0.8097831010818481,0
2026-05-04 21:10:32.467748,person,0.8309060335159302,0
2026-05-04 21:10:33.002619,person,0.8131282329559326,0
2026-05-04 21:10:33.325883,person,0.742031991481781,0
2026-05-04 21:10:33.650086,person,0.8312563300132751,0
2026-05-04 21:10:33.959690,person,0.8023959994316101,0
2026-05-04 21:10:34.428526,person,0.5095672011375427,0
2026-05-04 21:10:34.705928,person,0.7641839981079102,0
2026-05-04 21:10:35.235897,person,0.7265316843986511,0
2026-05-04 21:10:35.709015,person,0.7520989775657654,0
2026-05-04 21:10:35.712460,person,0.6137920618057251,0
2026-05-04 21:10:36.252800,person,0.8178911209106445,0
2026-05-04 21:10:36.803030,person,0.8317428827285767,0
2026-05-04 21:10:37.084552,person,0.5898609757423401,0
2026-05-04 21:10:37.417150,person,0.6842749714851379,0
2026-05-04 21:10:37.686423,person,0.8660112023353577,0
2026-05-04 21:10:38.077967,person,0.8207623958587646,0
2026-05-04 21:10:38.376298,person,0.784334659576416,0
2026-05-04 21:10:38.877250,person,0.8034850358963013,0
2026-05-04 21:10:39.415584,person,0.8241119980812073,0
2026-05-04 21:10:39.971488,person,0.7201869487762451,0
2026-05-04 21:10:40.310571,person,0.7820045351982117,0
2026-05-04 21:10:40.862491,person,0.7898210287094116,0
2026-05-04 21:10:41.286115,person,0.6456125378608704,0
2026-05-04 21:10:41.786595,person,0.7736123204231262,0
2026-05-04 21:10:42.176719,person,0.7959550023078918,0
2026-05-04 21:10:42.181501,suitcase,0.6949218511581421,0
2026-05-04 21:10:43.605784,person,0.5971997380256653,0
2026-05-04 21:10:45.123572,person,0.6462984681129456,0
2026-05-04 21:10:45.971876,person,0.636887788772583,0
2026-05-04 21:10:48.768134,person,0.7391545176506042,0
2026-05-04 21:10:48.770602,person,0.5227832794189453,0
2026-05-04 21:10:49.656988,person,0.5546268224716187,0
2026-05-04 21:10:51.461287,person,0.6764450669288635,0
2026-05-04 21:10:51.910666,person,0.6183843612670898,0
2026-05-04 21:10:52.363435,person,0.7824935913085938,0
2026-05-04 21:10:52.684711,person,0.7314136624336243,0
2026-05-04 21:10:53.732386,person,0.5461788773536682,0
2026-05-04 21:10:54.093883,person,0.5999861359596252,0
2026-05-04 21:10:54.437573,person,0.5753098130226135,0
2026-05-04 21:10:54.762502,person,0.5185039043426514,0
2026-05-04 21:10:55.107847,person,0.5021038055419922,0
2026-05-04 21:10:55.559190,person,0.5842388868331909,0
2026-05-04 21:10:55.934227,person,0.5310729742050171,0
2026-05-04 21:10:57.495051,person,0.710473358631134,0
2026-05-04 21:10:59.120141,suitcase,0.7858769297599792,0
2026-05-04 21:10:59.632295,suitcase,0.748616635799408,0
2026-05-04 21:11:00.133411,suitcase,0.8051484227180481,0
2026-05-04 21:11:00.597262,person,0.6299570798873901,0
2026-05-04 21:11:01.109818,suitcase,0.5133255124092102,0
2026-05-04 21:11:01.619001,suitcase,0.567481517791748,0
2026-05-04 21:11:01.621094,person,0.5340803861618042,0
2026-05-04 21:11:01.980185,person,0.6785781383514404,0
2026-05-04 21:11:01.985846,suitcase,0.5030921101570129,0
2026-05-04 21:11:02.541122,person,0.6417806148529053,0
2026-05-04 21:11:02.950562,suitcase,0.6828083395957947,0
2026-05-04 21:11:02.953811,person,0.6274814009666443,0
2026-05-04 21:11:03.245921,person,0.6080992221832275,0
2026-05-04 21:11:03.538717,person,0.5996933579444885,0
2026-05-04 21:11:03.858231,person,0.6386584043502808,0
2026-05-04 21:11:04.279437,person,0.5244826078414917,0
2026-05-04 21:11:04.283392,suitcase,0.5037895441055298,0
2026-05-04 21:11:05.238739,person,0.5148104429244995,0
2026-05-04 21:11:05.764287,person,0.53715980052948,0
2026-05-04 21:11:06.100209,person,0.5756381154060364,0
2026-05-04 21:11:06.452042,suitcase,0.507910430431366,0
2026-05-04 21:11:06.871312,person,0.5029677152633667,0
2026-05-04 21:11:10.769567,person,0.6238307952880859,0
2026-05-04 21:11:11.655303,person,0.527764618396759,0
2026-05-04 21:11:12.472157,person,0.7230348587036133,0
2026-05-04 21:11:13.627944,person,0.508464515209198,0
2026-05-04 21:11:14.103070,person,0.7132774591445923,0
2026-05-04 21:11:18.311940,person,0.6571432948112488,0
2026-05-04 21:11:18.832268,person,0.5358105301856995,0
2026-05-04 21:11:19.381327,person,0.7200120687484741,0
2026-05-04 21:11:22.541047,person,0.5258172750473022,0
2026-05-04 21:11:22.764480,toothbrush,0.5365167260169983,0
2026-05-04 21:11:23.294475,person,0.5162681937217712,0
2026-05-04 21:11:23.677823,person,0.7453958988189697,0
2026-05-04 21:11:24.161609,person,0.6152895092964172,0
2026-05-04 21:11:24.561660,person,0.5473012924194336,0
2026-05-04 21:11:25.095847,person,0.5712094902992249,0
2026-05-04 21:11:25.626014,person,0.6095451712608337,0
2026-05-04 21:11:25.962003,person,0.690709114074707,0
2026-05-04 21:11:26.472829,person,0.8128955960273743,0
2026-05-04 21:11:26.946505,person,0.8164702653884888,0
2026-05-04 21:11:27.292221,person,0.7372304797172546,0
2026-05-04 21:11:27.824631,person,0.8099455833435059,0
2026-05-04 21:11:28.435692,person,0.8197184205055237,0
2026-05-04 21:11:28.766903,person,0.8497442603111267,0
2026-05-04 21:11:29.065048,person,0.8109045624732971,0
2026-05-04 21:11:29.604628,person,0.8276978135108948,0
2026-05-04 21:11:30.003902,person,0.798236608505249,0
2026-05-04 21:11:30.010833,toothbrush,0.7492862939834595,0
2026-05-04 21:11:30.348229,person,0.6040111780166626,0
2026-05-04 21:11:30.663296,person,0.6337658166885376,0
2026-05-04 21:11:31.158872,person,0.5548076033592224,0
2026-05-04 21:11:31.717964,person,0.769883394241333,0
2026-05-04 21:11:32.317534,person,0.6250666975975037,0
2026-05-04 21:11:32.795178,person,0.8250924944877625,0
2026-05-04 21:11:33.310339,person,0.8074356317520142,0
2026-05-04 21:11:33.698302,person,0.7436608076095581,0
2026-05-04 21:11:34.215296,person,0.7575263381004333,0
2026-05-04 21:11:34.676960,person,0.6245211958885193,0
2026-05-04 21:11:35.057348,person,0.6249442100524902,0
2026-05-04 21:11:35.493925,person,0.697758138179779,0
2026-05-04 21:11:35.784455,person,0.6720117926597595,0
2026-05-04 21:11:36.933675,person,0.7012921571731567,0
2026-05-04 21:11:37.536551,toothbrush,0.5865193009376526,0
2026-05-04 21:11:43.056594,person,0.5182369947433472,0
2026-05-04 21:11:43.572744,person,0.6506535410881042,0
2026-05-04 21:11:44.123984,person,0.6433471441268921,0
2026-05-04 21:11:44.733352,person,0.6949021816253662,0
2026-05-04 21:11:44.738588,toothbrush,0.6500938534736633,0
2026-05-04 21:11:45.067902,person,0.6472036242485046,0
2026-05-04 21:11:45.478952,toothbrush,0.7397779226303101,0
2026-05-04 21:11:45.483422,person,0.6518862843513489,0
2026-05-04 21:11:45.895108,person,0.6937137246131897,0
2026-05-04 21:11:45.898582,toothbrush,0.6317059397697449,0
2026-05-04 21:11:46.404501,person,0.6716148853302002,0
2026-05-04 21:11:46.411422,toothbrush,0.5454745292663574,0
2026-05-04 21:11:46.796966,person,0.640557050704956,0
2026-05-04 21:11:46.799504,toothbrush,0.5805331468582153,0
2026-05-04 21:11:47.194552,person,0.6973890066146851,0
2026-05-04 21:11:47.198765,toothbrush,0.64301997423172,0
2026-05-04 21:11:47.478338,toothbrush,0.7084425091743469,0
2026-05-04 21:11:47.480989,person,0.6144757866859436,0
2026-05-04 21:11:51.044883,person,0.7368248701095581,0
2026-05-04 21:11:51.438439,person,0.8559615612030029,0
2026-05-04 21:11:52.844149,tennis racket,0.5220733880996704,0
2026-05-04 21:11:53.449041,person,0.7449100613594055,0
2026-05-04 21:11:53.833465,person,0.5287445187568665,0
2026-05-04 21:11:54.608029,person,0.5918246507644653,0
2026-05-04 21:11:56.323039,person,0.7157793641090393,0
2026-05-04 21:11:56.666299,person,0.5521277785301208,0
2026-05-04 21:11:57.284040,person,0.6205523014068604,0
2026-05-04 21:11:58.568405,person,0.5009355545043945,0
2026-05-04 21:11:58.884600,person,0.7305153608322144,0
2026-05-04 21:12:02.332031,person,0.5576703548431396,0
2026-05-04 21:12:02.655822,person,0.5938752889633179,0
2026-05-04 21:12:03.102611,person,0.5467544198036194,0
2026-05-04 21:12:04.734944,baseball bat,0.565716564655304,0
2026-05-04 21:12:05.073478,baseball bat,0.5220783948898315,0
2026-05-04 21:12:05.513778,person,0.5707393288612366,0
2026-05-04 21:12:05.901251,person,0.5667100548744202,0
2026-05-04 21:12:07.989396,person,0.5086264610290527,0
2026-05-04 21:12:12.048732,cat,0.5953543186187744,0
2026-05-04 21:12:12.692294,baseball bat,0.5584828853607178,0
2026-05-04 21:12:13.832780,baseball bat,0.6617868542671204,0
2026-05-04 21:12:15.835487,baseball bat,0.5836003422737122,0
2026-05-04 21:12:20.153455,person,0.7039287686347961,0
2026-05-04 21:12:20.695569,toothbrush,0.6530517935752869,0
2026-05-04 21:12:21.684580,toothbrush,0.9063878655433655,0
2026-05-04 21:12:22.269890,toothbrush,0.8740367293357849,0
2026-05-04 21:12:22.813314,toothbrush,0.8623048067092896,0
2026-05-04 21:12:23.282442,toothbrush,0.7408701777458191,0
2026-05-04 21:12:23.758656,toothbrush,0.6069095134735107,0
2026-05-04 21:12:23.762293,scissors,0.5917744040489197,0
2026-05-04 21:12:24.633149,baseball bat,0.5732141733169556,0
2026-05-04 21:12:25.137541,person,0.5184520483016968,0
2026-05-04 21:12:25.442641,person,0.5326474905014038,0
2026-05-04 21:12:25.945711,person,0.650079607963562,0
2026-05-04 21:12:26.223984,person,0.5713250637054443,0
2026-05-04 21:12:26.508886,person,0.591594934463501,0
2026-05-04 21:12:27.065258,person,0.6703923940658569,0
2026-05-04 21:12:27.397617,person,0.7204949855804443,0
2026-05-04 21:12:27.698113,person,0.5503905415534973,0
2026-05-04 21:12:28.063284,person,0.5887341499328613,0
2026-05-04 21:12:28.418367,person,0.8260064721107483,0
2026-05-04 21:12:28.686346,person,0.7187778949737549,0
2026-05-04 21:12:29.073733,person,0.8596822023391724,0
2026-05-04 21:12:29.425455,person,0.8026618957519531,0
2026-05-04 21:12:29.923985,person,0.7343394160270691,0
2026-05-04 21:12:30.212548,person,0.6994609832763672,0
2026-05-04 21:12:30.732606,person,0.6973535418510437,0
2026-05-04 21:12:31.173050,person,0.8218904137611389,0
2026-05-04 21:12:31.490761,person,0.6020588874816895,0
2026-05-04 21:12:33.726044,person,0.6075490117073059,0
2026-05-04 21:12:36.902345,person,0.7262158393859863,0
2026-05-04 21:12:38.061150,toothbrush,0.9313633441925049,0
2026-05-04 21:12:41.634247,cat,0.5378947257995605,0
2026-05-04 21:12:49.798881,vase,0.5528648495674133,0
2026-05-04 21:12:53.006843,scissors,0.6500205397605896,0
2026-05-04 21:12:53.404371,scissors,0.6293544769287109,0
2026-05-04 21:12:53.768879,scissors,0.53049635887146,0
2026-05-04 21:12:54.244941,scissors,0.711056113243103,0
2026-05-04 21:12:54.735982,scissors,0.5874415636062622,0
2026-05-04 21:12:55.793611,scissors,0.6879590153694153,0
2026-05-04 21:12:56.252974,person,0.5576105117797852,0
2026-05-04 21:12:56.256266,scissors,0.5461836457252502,0
2026-05-04 21:12:56.748708,person,0.5634303689002991,0
2026-05-04 21:12:57.291300,person,0.7242129445075989,0
2026-05-04 21:12:57.296365,scissors,0.5808099508285522,0
2026-05-04 21:12:59.961287,toilet,0.7016419768333435,0
2026-05-04 21:13:00.578232,toilet,0.8034557104110718,0
2026-05-04 21:13:01.896816,toilet,0.8180840015411377,0
2026-05-04 21:13:02.326212,toilet,0.7019632458686829,0
2026-05-04 21:13:02.805475,toilet,0.5554057359695435,0
2026-05-04 21:13:03.163673,toilet,0.6505270004272461,0
2026-05-04 21:13:05.045178,person,0.5065934658050537,0
2026-05-04 21:13:07.646953,person,0.640079140663147,0
2026-05-04 21:13:08.043240,person,0.5923359394073486,0
2026-05-04 21:13:08.334958,person,0.57801353931427,0
2026-05-04 21:13:08.824643,person,0.5541450381278992,0
2026-05-04 21:13:10.313662,person,0.6379832029342651,0
2026-05-04 21:13:10.317558,toilet,0.5278885960578918,0
2026-05-04 21:13:11.478795,person,0.5683690905570984,0
2026-05-04 21:13:11.974735,person,0.6734371781349182,0
2026-05-04 21:13:12.256042,person,0.6659324765205383,0
2026-05-04 21:13:13.822308,person,0.6322383284568787,0
2026-05-04 21:13:14.259076,person,0.5540727376937866,0
2026-05-04 21:13:15.525946,person,0.6688933968544006,0
2026-05-04 21:13:24.576940,cat,0.5761252045631409,0
2026-05-04 21:13:27.390504,person,0.7727789282798767,0
2026-05-04 21:13:27.681353,person,0.5371278524398804,0
2026-05-04 21:13:27.939363,person,0.5525590777397156,0
2026-05-04 21:13:28.748948,person,0.8443998098373413,0
2026-05-04 21:13:29.107598,person,0.7947425246238708,0
2026-05-04 21:13:29.956470,person,0.7681225538253784,0
2026-05-04 21:13:32.205935,person,0.5883032083511353,0
2026-05-04 21:13:35.537630,book,0.5149497985839844,0
2026-05-04 21:13:42.125198,person,0.5993474125862122,0
2026-05-04 21:13:42.652819,person,0.7326869368553162,0
2026-05-04 21:13:44.901274,person,0.507276713848114,0
2026-05-04 21:13:48.428902,person,0.6467020511627197,0
2026-05-04 21:13:48.741434,person,0.716826856136322,0
2026-05-04 21:14:01.075501,book,0.5743696689605713,0
2026-05-04 21:14:01.539618,book,0.8693374395370483,0
2026-05-04 21:14:02.292919,book,0.7972159385681152,0
2026-05-04 21:14:02.849455,person,0.705897331237793,0
2026-05-04 21:14:03.351994,person,0.649335503578186,0
2026-05-04 21:14:03.358002,book,0.648703932762146,0
2026-05-04 21:14:03.716199,person,0.8758580088615417,0
2026-05-04 21:14:03.720863,book,0.6267455220222473,0
2026-05-04 21:14:03.998128,person,0.8886016011238098,0
2026-05-04 21:14:04.001932,book,0.775177538394928,0
2026-05-04 21:14:04.557918,person,0.8375967741012573,0
2026-05-04 21:14:04.562153,book,0.6439722180366516,0
2026-05-04 21:14:05.209573,person,0.8940038681030273,0
2026-05-04 21:14:05.212900,book,0.6302583813667297,0
2026-05-04 21:14:05.886219,person,0.746012270450592,0
2026-05-04 21:14:06.243239,person,0.7935577034950256,0
2026-05-04 21:14:06.582320,person,0.6874440908432007,0
2026-05-04 21:14:06.587585,book,0.5984055995941162,0
2026-05-04 21:14:06.961636,person,0.6979153752326965,0
2026-05-04 21:14:07.618004,person,0.8632091879844666,0
2026-05-04 21:14:08.099914,person,0.8863351345062256,0
2026-05-04 21:14:08.681756,person,0.8895354866981506,0
2026-05-04 21:14:09.200562,person,0.6899046897888184,0
2026-05-04 21:14:10.112690,person,0.6604637503623962,0
2026-05-04 21:14:10.487745,person,0.6315640211105347,0
2026-05-04 21:14:11.167350,person,0.7977997064590454,0
2026-05-04 21:14:11.472891,person,0.816314697265625,0
2026-05-04 21:14:11.476708,book,0.5933642387390137,0
2026-05-04 21:14:11.972219,person,0.6860408186912537,0
2026-05-04 21:14:11.978964,book,0.5496521592140198,0
2026-05-04 21:14:12.550258,person,0.6040012836456299,0
2026-05-04 21:14:12.554170,book,0.568983256816864,0
2026-05-04 21:14:13.291299,person,0.713437557220459,0
2026-05-04 21:14:13.296571,book,0.5830717086791992,0
2026-05-04 21:14:13.622896,person,0.803132176399231,0
2026-05-04 21:14:13.628950,book,0.6506919860839844,0
2026-05-04 21:14:13.956243,person,0.8352697491645813,0
2026-05-04 21:14:13.960208,book,0.6069442629814148,0
2026-05-04 21:14:14.383563,person,0.7843499183654785,0
2026-05-04 21:14:14.389791,book,0.6467612385749817,0
2026-05-04 21:14:14.837600,book,0.6871654987335205,0
2026-05-04 21:14:14.842299,person,0.6284704804420471,0
2026-05-04 21:14:15.224053,person,0.7152950167655945,0
2026-05-04 21:14:15.622778,book,0.7073618173599243,0
2026-05-04 21:14:15.625097,person,0.6057408452033997,0
2026-05-04 21:14:16.051316,book,0.8093444108963013,0
2026-05-04 21:14:16.054262,person,0.6702304482460022,0
2026-05-04 21:14:16.523071,book,0.7303606867790222,0
2026-05-04 21:14:16.529977,person,0.5080141425132751,0
2026-05-04 21:14:17.645765,person,0.7089287638664246,0
2026-05-04 21:14:18.011825,book,0.5246621966362,0
2026-05-04 21:14:18.015466,person,0.5195020437240601,0
2026-05-04 21:14:18.418158,person,0.6687307953834534,0
2026-05-04 21:14:18.420168,book,0.6543659567832947,0
2026-05-04 21:14:18.806121,person,0.5519381165504456,0
2026-05-04 21:14:19.099796,person,0.603117823600769,0
2026-05-04 21:14:19.104391,bed,0.550366222858429,0
2026-05-04 21:14:19.476571,person,0.6844991445541382,0
2026-05-04 21:14:19.479710,book,0.5164070725440979,0
2026-05-04 21:14:19.897429,person,0.6885061860084534,0
2026-05-04 21:14:19.902761,book,0.6052739024162292,0
2026-05-04 21:14:20.186250,person,0.7321800589561462,0
2026-05-04 21:14:20.536202,book,0.651412308216095,0
2026-05-04 21:14:20.539143,person,0.6027756333351135,0
2026-05-04 21:14:20.868024,person,0.6955846548080444,0
2026-05-04 21:14:21.441122,person,0.7034860253334045,0
2026-05-04 21:14:21.444253,book,0.5684636831283569,0
2026-05-04 21:14:22.103017,person,0.7535195350646973,0
2026-05-04 21:14:22.584443,person,0.7558177709579468,0
2026-05-04 21:14:22.944651,person,0.7527491450309753,0
2026-05-04 21:14:23.593360,person,0.766551673412323,0
2026-05-04 21:14:24.147106,person,0.7690316438674927,0
2026-05-04 21:14:24.530471,person,0.7956732511520386,0
2026-05-04 21:14:24.534248,bed,0.5767043828964233,0
2026-05-04 21:14:24.917923,person,0.8255947828292847,0
2026-05-04 21:14:25.456752,book,0.7631826996803284,0
2026-05-04 21:14:25.464036,person,0.5994197130203247,0
2026-05-04 21:14:25.749689,person,0.7702649235725403,0
2026-05-04 21:14:25.752824,book,0.6391862034797668,0
2026-05-04 21:14:26.321874,book,0.6580279469490051,0
2026-05-04 21:14:26.326666,person,0.5099136233329773,0
2026-05-04 21:14:26.774614,book,0.7362021803855896,0
2026-05-04 21:14:26.777867,person,0.6251300573348999,0
2026-05-04 21:14:27.356287,person,0.5951474905014038,0
2026-05-04 21:14:27.691749,person,0.6364778876304626,0
2026-05-04 21:14:28.198224,book,0.7184213399887085,0
2026-05-04 21:14:28.201870,person,0.5623317956924438,0
2026-05-04 21:14:28.753338,book,0.7145734429359436,0
2026-05-04 21:14:28.759352,person,0.5056659579277039,0
2026-05-04 21:14:29.132806,book,0.6653568744659424,0
2026-05-04 21:14:29.136682,person,0.5661395788192749,0
2026-05-04 21:14:29.677639,book,0.6892009973526001,0
2026-05-04 21:14:30.151187,book,0.7104713916778564,0
2026-05-04 21:14:30.847756,book,0.6544701457023621,0
2026-05-04 21:14:30.852065,person,0.5869297981262207,0
2026-05-04 21:14:31.297619,person,0.658161997795105,0
2026-05-04 21:14:31.302205,book,0.5798666477203369,0
2026-05-04 21:14:31.798353,book,0.637103259563446,0
2026-05-04 21:14:31.801370,person,0.5386561751365662,0
2026-05-04 21:14:32.066994,book,0.7030777931213379,0
2026-05-04 21:14:32.473218,book,0.775263249874115,0
2026-05-04 21:14:32.476785,person,0.5530709028244019,0
2026-05-04 21:14:32.756643,book,0.6842607259750366,0
2026-05-04 21:14:33.197161,book,0.6643862128257751,0
2026-05-04 21:14:33.550695,person,0.610137939453125,0
2026-05-04 21:14:33.803625,book,0.5928652882575989,0
2026-05-04 21:14:33.806969,person,0.5369113087654114,0
2026-05-04 21:14:34.522980,person,0.6926489472389221,0
2026-05-04 21:14:34.859010,person,0.7717152237892151,0
2026-05-04 21:14:35.227312,book,0.5915783047676086,0
2026-05-04 21:14:35.742348,person,0.7386566400527954,0
2026-05-04 21:14:36.071644,person,0.7821769714355469,0
2026-05-04 21:14:36.441385,person,0.7771984934806824,0
2026-05-04 21:14:36.769647,person,0.7814546823501587,0
2026-05-04 21:14:37.144129,person,0.7517290115356445,0
2026-05-04 21:14:37.426235,person,0.7381126880645752,0
2026-05-04 21:14:37.721510,person,0.7284952402114868,0
2026-05-04 21:14:37.727967,person,0.5323531031608582,0
2026-05-04 21:14:38.347740,person,0.7360731959342957,0
2026-05-04 21:14:38.350450,person,0.6550022959709167,0
2026-05-04 21:14:38.617978,person,0.7349646091461182,0
2026-05-04 21:14:38.622481,person,0.6375226974487305,0
2026-05-04 21:14:39.094438,person,0.761720597743988,0
2026-05-04 21:14:39.577916,person,0.7403821349143982,0
2026-05-04 21:14:40.034415,person,0.7246803045272827,0
2026-05-04 21:14:40.038002,person,0.5252609252929688,0
2026-05-04 21:14:40.308715,person,0.7780514359474182,0
2026-05-04 21:14:40.311619,person,0.5021392703056335,0
2026-05-04 21:14:40.577942,person,0.709256649017334,0
2026-05-04 21:14:40.995543,person,0.6774834394454956,0
2026-05-04 21:14:40.997651,person,0.6386875510215759,0
2026-05-04 21:14:41.338642,person,0.7054430246353149,0
2026-05-04 21:14:41.343088,person,0.6937003135681152,0
2026-05-04 21:14:41.725362,person,0.717982292175293,0
2026-05-04 21:14:42.169241,person,0.7563992738723755,0
2026-05-04 21:14:42.436574,person,0.7117306590080261,0
2026-05-04 21:14:43.201757,person,0.7640355229377747,0
2026-05-04 21:14:43.204818,person,0.6043273210525513,0
2026-05-04 21:14:43.695465,person,0.7491887211799622,0
2026-05-04 21:14:43.698139,person,0.6508870720863342,0
2026-05-04 21:14:44.171693,person,0.7174782752990723,0
2026-05-04 21:14:44.654148,person,0.7123664617538452,0
2026-05-04 21:14:44.658464,person,0.6400827765464783,0
2026-05-04 21:14:45.283419,person,0.7399906516075134,0
2026-05-04 21:14:45.289706,person,0.5772538185119629,0
2026-05-04 21:14:45.546883,person,0.7019753456115723,0
2026-05-04 21:14:45.965281,person,0.7009468674659729,0
2026-05-04 21:14:45.971391,person,0.6143138408660889,0
2026-05-04 21:14:46.226543,person,0.7166648507118225,0
2026-05-04 21:14:46.497550,person,0.7910929918289185,0
2026-05-04 21:14:47.004925,person,0.7259324193000793,0
2026-05-04 21:14:47.607244,person,0.7475866675376892,0
2026-05-04 21:14:47.957920,person,0.6752563118934631,0
2026-05-04 21:14:48.243296,person,0.6914167404174805,0
2026-05-04 21:14:48.793249,person,0.7313889861106873,0
2026-05-04 21:14:48.798457,person,0.6696748733520508,0
2026-05-04 21:14:49.155070,person,0.7804195284843445,0
2026-05-04 21:14:49.686162,person,0.7701756358146667,0
2026-05-04 21:14:49.965253,person,0.7747978568077087,0
2026-05-04 21:14:50.230036,person,0.741690456867218,0
2026-05-04 21:14:50.660049,person,0.7060081362724304,0
2026-05-04 21:14:51.007356,person,0.7401456236839294,0
2026-05-04 21:14:51.343672,person,0.7910576462745667,0
2026-05-04 21:14:51.590065,person,0.7480384707450867,0
2026-05-04 21:14:52.279607,person,0.7256072759628296,0
2026-05-04 21:14:52.666209,person,0.7810919880867004,0
2026-05-04 21:14:53.441644,person,0.7858520746231079,0
2026-05-04 21:14:53.784504,person,0.7577245831489563,0
2026-05-04 21:14:54.250115,person,0.725827693939209,0
2026-05-04 21:14:54.520868,person,0.6976242065429688,0
2026-05-04 21:14:54.840655,person,0.7262234687805176,0
2026-05-04 21:14:55.146845,person,0.7310993671417236,0
2026-05-04 21:14:55.805481,person,0.6419253945350647,0
2026-05-04 21:14:56.525025,person,0.6179417967796326,0
2026-05-04 21:14:57.254441,person,0.7893354296684265,0
2026-05-04 21:14:57.533031,person,0.7404666543006897,0
2026-05-04 21:14:58.448423,person,0.7585175633430481,0
2026-05-04 21:14:58.959089,person,0.8015093207359314,0
2026-05-04 21:14:59.653097,person,0.8090313076972961,0
2026-05-04 21:15:00.128135,person,0.6949648261070251,0
2026-05-04 21:15:02.527160,person,0.7122638821601868,0
2026-05-04 21:15:02.809809,person,0.7167115211486816,0
2026-05-04 21:15:04.495676,dog,0.5405649542808533,0
2026-05-04 21:15:04.787223,person,0.6810551881790161,0
2026-05-04 21:15:05.510665,person,0.6010463833808899,0
2026-05-04 21:15:06.124681,person,0.6683914661407471,0
2026-05-04 21:15:06.521455,person,0.6753899455070496,0
2026-05-04 21:15:06.859677,person,0.5668879747390747,0
2026-05-04 21:15:07.319382,person,0.6523374319076538,0
2026-05-04 21:15:08.297834,person,0.5252129435539246,0
2026-05-04 21:15:08.692554,person,0.5010200142860413,0
2026-05-04 21:15:09.161645,person,0.6555024981498718,0
2026-05-04 21:15:09.873957,person,0.7546861171722412,0
2026-05-04 21:15:10.356352,person,0.7855666875839233,0
2026-05-04 21:15:11.132813,person,0.8206690549850464,0
2026-05-04 21:15:11.426870,person,0.9316993355751038,0
2026-05-04 21:15:12.157482,person,0.9238380789756775,0
2026-05-04 21:15:12.617956,person,0.8978100419044495,0
2026-05-04 21:15:13.079857,person,0.9113968014717102,0
2026-05-04 21:15:13.363743,person,0.8241015672683716,0
2026-05-04 21:15:13.785456,person,0.714117705821991,0
2026-05-04 21:15:14.224638,person,0.5433345437049866,0
2026-05-04 21:15:14.499588,person,0.6818327903747559,0
2026-05-04 21:15:14.858453,person,0.7452508807182312,0
2026-05-04 21:15:15.355434,person,0.6146047711372375,0
2026-05-04 21:15:15.826680,person,0.634300708770752,0
2026-05-04 21:15:16.330778,person,0.5539071559906006,0
2026-05-04 21:15:16.697359,person,0.5001402497291565,0
2026-05-04 21:15:17.363356,person,0.5728702545166016,0
2026-05-04 21:15:18.024607,person,0.5733048319816589,0
2026-05-04 21:15:19.175770,person,0.5382798910140991,0
2026-05-04 21:15:19.679474,person,0.5032608509063721,0
2026-05-04 21:15:22.208516,person,0.601769745349884,0
2026-05-04 21:15:25.588804,person,0.7046371102333069,0
2026-05-04 21:15:25.599154,person,0.6931202411651611,0
2026-05-04 21:15:25.950271,person,0.5695993900299072,0
2026-05-04 21:15:26.451510,person,0.5592561960220337,0
2026-05-04 21:15:26.456171,person,0.5059406757354736,0
2026-05-04 21:15:27.485412,person,0.5706014633178711,0
2026-05-04 21:15:27.491087,person,0.55802321434021,0
2026-05-04 21:15:27.834426,person,0.6080593466758728,0
2026-05-04 21:15:28.193154,person,0.7961267232894897,0
2026-05-04 21:15:28.709779,person,0.7883720993995667,0
2026-05-04 21:15:29.066994,person,0.7987020611763,0
2026-05-04 21:15:29.383453,person,0.7017138600349426,0
2026-05-04 21:15:29.959760,person,0.7684087753295898,0
2026-05-04 21:15:30.281350,person,0.7255565524101257,0
2026-05-04 21:15:30.896961,person,0.7818002700805664,0
2026-05-04 21:15:31.258625,person,0.7786334156990051,0
2026-05-04 21:15:34.347057,person,0.5981380939483643,0
2026-05-04 21:15:34.682910,person,0.6873225569725037,0
2026-05-04 21:15:35.135486,person,0.8862479329109192,0
2026-05-04 21:15:35.541382,person,0.9350800514221191,0
2026-05-04 21:15:36.149871,person,0.9386241436004639,0
2026-05-04 21:15:36.535019,person,0.9294902682304382,0
2026-05-04 21:15:36.981237,person,0.9300875067710876,0
2026-05-04 21:15:37.487124,person,0.9175733923912048,0
2026-05-04 21:15:38.127878,person,0.9032944440841675,0
2026-05-04 21:15:38.498174,person,0.5625429153442383,0
2026-05-04 21:15:38.807360,person,0.6063533425331116,0
2026-05-04 21:15:39.337012,person,0.8660844564437866,0
2026-05-04 21:15:39.806915,person,0.8024760484695435,0
2026-05-04 21:15:40.327504,person,0.7883867621421814,0
2026-05-04 21:15:40.894802,person,0.8251869678497314,0
2026-05-04 21:15:41.372806,person,0.6846126317977905,0
2026-05-04 21:15:41.792804,person,0.5386825203895569,0
2026-05-04 21:15:42.207136,person,0.7159305214881897,0
2026-05-04 21:15:42.680330,person,0.5934977531433105,0
2026-05-04 21:15:43.141362,person,0.7288560271263123,0
2026-05-04 21:15:43.604003,person,0.7545111179351807,0
2026-05-04 21:15:44.126835,person,0.6818286180496216,0
2026-05-04 21:15:45.169549,person,0.7048483490943909,0
2026-05-04 21:15:45.614349,person,0.6379156708717346,0
2026-05-04 21:15:46.103178,person,0.5186885595321655,0
2026-05-04 21:15:46.500958,person,0.7529492974281311,0
2026-05-04 21:15:46.866382,person,0.7919144034385681,0
2026-05-04 21:15:47.283948,person,0.9095661044120789,0
2026-05-04 21:15:47.677123,person,0.6081547141075134,0
2026-05-04 21:15:48.143160,person,0.7149115800857544,0
2026-05-04 21:15:48.627787,person,0.7061440944671631,0
2026-05-04 21:15:49.011896,person,0.5595355033874512,0
2026-05-04 21:15:49.518894,person,0.7273492217063904,0
2026-05-04 21:15:49.860189,person,0.5711527466773987,0
2026-05-04 21:15:49.863097,person,0.5467483401298523,0
2026-05-04 21:15:50.145167,person,0.7143377065658569,0
2026-05-04 21:15:50.426155,person,0.7918206453323364,0
2026-05-04 21:15:50.832761,person,0.6270806193351746,0
2026-05-04 21:15:51.939686,person,0.6479220986366272,0
2026-05-04 21:15:52.428756,person,0.8351256251335144,0
2026-05-04 21:15:52.981595,person,0.7499175667762756,0
2026-05-04 21:15:53.485189,person,0.7089968323707581,0
2026-05-04 21:15:53.775627,person,0.5868430733680725,0
2026-05-04 21:15:54.238652,person,0.5259410738945007,0
2026-05-04 21:15:55.444740,person,0.6553359031677246,0
2026-05-04 21:15:57.172666,cat,0.5375475287437439,0
2026-05-04 21:15:57.672946,person,0.8267889618873596,0
2026-05-04 21:15:58.022396,person,0.7664889097213745,0
2026-05-04 21:15:58.496575,person,0.6051076054573059,0
2026-05-04 21:15:58.862718,person,0.6828980445861816,0
2026-05-04 21:15:59.530741,person,0.7741782665252686,0
2026-05-04 21:15:59.870257,person,0.6691915988922119,0
2026-05-04 21:16:00.139936,person,0.6772053837776184,0
2026-05-04 21:16:00.626185,person,0.5243382453918457,0
2026-05-04 21:16:01.275951,bed,0.6310810446739197,0
2026-05-04 21:16:02.945886,bed,0.502866268157959,0
2026-05-04 21:16:03.237050,person,0.722684919834137,0
2026-05-04 21:16:03.707578,person,0.7502694129943848,0
2026-05-04 21:16:04.198600,person,0.6197317838668823,0
2026-05-04 21:16:05.097509,person,0.7303981781005859,0
2026-05-04 21:16:05.608599,person,0.6940708160400391,0
2026-05-04 21:16:06.018734,person,0.7636300325393677,0
2026-05-04 21:16:06.516188,person,0.6005556583404541,0
2026-05-04 21:16:07.372943,person,0.801774263381958,0
2026-05-04 21:16:07.782973,person,0.7665231227874756,0
2026-05-04 21:16:08.140309,person,0.5395454168319702,0
2026-05-04 21:16:10.239597,person,0.5436504483222961,0
2026-05-04 21:16:10.535682,person,0.6063279509544373,0
2026-05-04 21:16:11.024950,person,0.5167661309242249,0
2026-05-04 21:16:11.370729,person,0.6189908981323242,0
2026-05-04 21:16:11.838721,person,0.8558485507965088,0
2026-05-04 21:16:12.341673,person,0.7327119708061218,0
2026-05-04 21:16:12.840406,person,0.6566752195358276,0
2026-05-04 21:16:13.219510,person,0.7205209136009216,0
2026-05-04 21:16:14.155823,person,0.6148226857185364,0
2026-05-04 21:16:14.468854,person,0.8034766316413879,0
2026-05-04 21:16:14.743292,person,0.8943292498588562,0
2026-05-04 21:16:14.747503,cup,0.5191273093223572,0
2026-05-04 21:16:15.343741,person,0.9252006411552429,0
2026-05-04 21:16:15.663653,person,0.9070877432823181,0
2026-05-04 21:16:16.204553,person,0.8924593329429626,0
2026-05-04 21:16:16.564894,person,0.9192220568656921,0
2026-05-04 21:16:17.030318,person,0.9184191226959229,0
2026-05-04 21:16:17.399518,person,0.9192083477973938,0
2026-05-04 21:16:17.852177,person,0.9108790755271912,0
2026-05-04 21:16:18.128077,person,0.8756216764450073,0
2026-05-04 21:16:18.469022,person,0.6437097191810608,0
2026-05-04 21:16:18.960303,person,0.6771607398986816,0
2026-05-04 21:16:19.504779,person,0.5230474472045898,0
2026-05-04 21:16:20.596145,person,0.6452425122261047,0
2026-05-04 21:16:21.142034,person,0.5791608691215515,0
2026-05-04 21:16:21.468396,person,0.5679215788841248,0
2026-05-04 21:16:21.474180,person,0.5067194700241089,0
2026-05-04 21:16:21.871943,person,0.757587194442749,0
2026-05-04 21:16:22.334714,person,0.5931379795074463,0
2026-05-04 21:16:22.808595,person,0.707768976688385,0
2026-05-04 21:16:23.131597,person,0.7305336594581604,0
2026-05-04 21:16:23.536666,person,0.7800243496894836,0
2026-05-04 21:16:24.138617,person,0.8218424320220947,0
2026-05-04 21:16:24.417710,person,0.8509246706962585,0
2026-05-04 21:16:24.773466,person,0.5298588871955872,0
2026-05-04 21:16:25.457547,book,0.5508415699005127,0
2026-05-04 21:16:34.194573,person,0.8009083271026611,0
2026-05-04 21:16:34.694603,person,0.5020044445991516,0
2026-05-04 21:16:35.363445,person,0.671936571598053,0
2026-05-04 21:16:35.367653,cell phone,0.6674050688743591,1
2026-05-04 21:16:35.370131,person,0.5114677548408508,1
2026-05-04 21:16:35.984554,cell phone,0.5403288006782532,1
2026-05-04 21:16:36.623386,cell phone,0.5799018740653992,1
2026-05-04 21:16:36.627521,person,0.5173640251159668,1
2026-05-04 21:16:37.120846,cell phone,0.5659507513046265,1
2026-05-04 21:16:37.722843,cell phone,0.6415086984634399,1
2026-05-04 21:16:38.161357,donut,0.7063566446304321,0
2026-05-04 21:16:38.168126,cell phone,0.6618388295173645,1
2026-05-04 21:16:38.522621,cell phone,0.785382091999054,1
2026-05-04 21:16:38.968416,cell phone,0.8005352020263672,1
2026-05-04 21:16:38.972847,person,0.6096640825271606,1
2026-05-04 21:16:39.893462,cell phone,0.7552465200424194,1
2026-05-04 21:16:39.896079,person,0.5205060243606567,1
2026-05-04 21:16:40.451373,cell phone,0.7257128953933716,1
2026-05-04 21:16:40.871123,cell phone,0.74355149269104,1
2026-05-04 21:16:41.144794,cell phone,0.7052257657051086,1
2026-05-04 21:16:41.446045,donut,0.6853228807449341,0
2026-05-04 21:16:42.002089,donut,0.5743737816810608,0
2026-05-04 21:16:42.338819,donut,0.711755633354187,0
2026-05-04 21:16:42.343158,cell phone,0.5303393602371216,1
2026-05-04 21:16:42.623073,donut,0.6670743227005005,0
2026-05-04 21:16:42.626044,cell phone,0.5765818953514099,1
2026-05-04 21:16:43.060490,donut,0.7247147560119629,0
2026-05-04 21:16:43.525968,cell phone,0.6414868235588074,1
2026-05-04 21:16:43.528238,donut,0.6169742941856384,1
2026-05-04 21:16:43.904429,donut,0.5989366769790649,0
2026-05-04 21:16:44.187856,cell phone,0.7381715178489685,1
2026-05-04 21:16:45.283137,person,0.5109380483627319,0
2026-05-04 21:16:45.661614,person,0.5756608247756958,0
2026-05-04 21:16:46.145728,person,0.5501633286476135,0
2026-05-04 21:16:48.618005,cell phone,0.587830662727356,1
2026-05-04 21:16:49.552913,cell phone,0.7450490593910217,1
2026-05-04 21:16:50.064353,person,0.6648353338241577,0
2026-05-04 21:16:50.690039,person,0.5677940845489502,0
2026-05-04 21:16:51.891289,person,0.5929672122001648,0
2026-05-04 21:16:52.885824,person,0.5299355387687683,0
2026-05-04 21:16:53.381437,cell phone,0.5015758872032166,1
2026-05-04 21:16:54.013869,person,0.7448771595954895,0
2026-05-04 21:16:54.966999,person,0.7546107172966003,0
2026-05-04 21:16:55.460785,person,0.5295538306236267,0
2026-05-04 21:16:56.038761,person,0.6710537075996399,0
2026-05-04 21:16:56.518727,person,0.6971526741981506,0
2026-05-04 21:16:56.805732,person,0.7646730542182922,0
2026-05-04 21:16:57.276272,person,0.5479008555412292,0
2026-05-04 21:16:57.566882,person,0.6039398312568665,0
2026-05-04 21:16:58.077880,person,0.7073927521705627,0
2026-05-04 21:16:59.200548,laptop,0.7066654562950134,0
2026-05-04 21:17:01.057823,laptop,0.5692450404167175,0
2026-05-04 21:17:01.947660,laptop,0.5686665773391724,0
2026-05-04 21:17:03.295265,person,0.5825992822647095,0
2026-05-04 21:17:03.585269,person,0.8664247989654541,0
2026-05-04 21:17:04.047158,person,0.6617746353149414,0
2026-05-04 21:17:04.356171,person,0.5891702771186829,0
2026-05-04 21:17:04.922780,person,0.5232231020927429,0
2026-05-04 21:17:08.355507,cell phone,0.5097538232803345,1
2026-05-04 21:17:11.057367,cell phone,0.5889614224433899,1
2026-05-04 21:17:11.651039,person,0.8131365776062012,0
2026-05-04 21:17:12.091898,person,0.7617971301078796,0
2026-05-04 21:17:12.401584,person,0.5811057090759277,0
2026-05-04 21:17:12.700233,person,0.5015186667442322,0
2026-05-04 21:17:14.228368,person,0.6337735652923584,0
2026-05-04 21:17:14.514705,person,0.64353346824646,0
2026-05-04 21:17:14.908953,person,0.619723916053772,0
2026-05-04 21:17:15.214354,person,0.6181246638298035,0
2026-05-04 21:17:24.786379,person,0.6611613631248474,0
2026-05-04 21:17:25.105130,person,0.5175701379776001,0
2026-05-04 21:17:46.352764,cat,0.5459945201873779,0
2026-05-04 21:17:51.806017,person,0.6468595862388611,0
2026-05-04 21:17:52.367365,person,0.7415674924850464,0
2026-05-04 21:17:52.941492,person,0.7006325721740723,0
2026-05-04 21:17:53.345100,person,0.6397116780281067,0
2026-05-04 21:17:56.289591,person,0.5837645530700684,0
2026-05-04 21:17:56.674381,person,0.5457435250282288,0
2026-05-04 21:17:57.114488,person,0.5769124627113342,0
2026-05-04 21:17:57.980403,person,0.5064744353294373,0
2026-05-04 21:17:58.996370,person,0.7808814644813538,0
2026-05-04 21:17:59.275429,person,0.8408728241920471,0
2026-05-04 21:18:00.153192,person,0.5348500609397888,0
2026-05-04 21:18:00.677474,person,0.5265729427337646,0
2026-05-04 21:18:01.619830,person,0.5892441272735596,0
2026-05-04 21:18:01.960675,person,0.5556846857070923,0
2026-05-04 21:18:02.359359,person,0.6575192213058472,0
2026-05-04 21:18:02.668290,person,0.5966211557388306,0
2026-05-04 21:18:03.197686,person,0.5115646719932556,0
2026-05-04 21:18:03.606576,person,0.6416270732879639,0
2026-05-04 21:18:04.036824,person,0.7492825984954834,0
2026-05-04 21:18:04.422571,person,0.592139482498169,0
2026-05-04 21:18:05.012686,person,0.6652989387512207,0
2026-05-04 21:18:05.480672,person,0.7358348965644836,0
2026-05-04 21:18:05.939897,person,0.7178295254707336,0
2026-05-04 21:18:06.505694,person,0.5589156746864319,0
2026-05-04 21:18:06.816207,person,0.6340724229812622,0
2026-05-04 21:18:09.840698,person,0.7360218167304993,0
2026-05-04 21:18:10.168064,person,0.8484156727790833,0
2026-05-04 21:18:10.631625,person,0.7074417471885681,0
2026-05-04 21:18:11.080144,person,0.817193865776062,0
2026-05-04 21:18:11.668820,person,0.8374732732772827,0
2026-05-04 21:18:12.247123,person,0.6897636651992798,0
2026-05-04 21:18:12.764212,person,0.7594940662384033,0
2026-05-04 21:18:13.217720,person,0.800670862197876,0
2026-05-04 21:18:13.971462,person,0.5017525553703308,0
2026-05-04 21:18:14.898926,person,0.5137801170349121,0
2026-05-04 21:18:15.174941,person,0.5680173635482788,0
2026-05-04 21:18:16.033603,person,0.5333519577980042,0
2026-05-04 21:18:16.780691,person,0.5676305890083313,0
2026-05-04 21:18:17.598357,person,0.56508469581604,0
2026-05-04 21:18:18.013727,person,0.5005504488945007,0
2026-05-04 21:18:18.303941,person,0.5590559840202332,0
2026-05-04 21:18:19.225352,person,0.6351401805877686,0
2026-05-04 21:18:19.691443,person,0.6130484938621521,0
2026-05-04 21:18:20.630810,person,0.6206286549568176,0
2026-05-04 21:18:20.949022,person,0.6322683691978455,0
2026-05-04 21:18:23.151664,person,0.5108325481414795,0
2026-05-04 21:18:23.541439,person,0.5839003324508667,0
2026-05-04 21:18:23.990103,person,0.6138196587562561,0
2026-05-04 21:18:23.996439,person,0.5257250070571899,0
2026-05-04 21:18:24.831553,person,0.5462039709091187,0
2026-05-04 21:18:26.486204,person,0.530781626701355,0
2026-05-04 21:18:35.903380,person,0.7080039978027344,0
2026-05-04 21:18:37.597508,person,0.7476420998573303,0
2026-05-04 21:18:38.574436,person,0.5425926446914673,0
2026-05-04 21:18:38.910069,person,0.719001054763794,0
2026-05-04 21:18:39.527773,person,0.5904661417007446,0
2026-05-04 21:18:41.134745,person,0.6314076781272888,0
2026-05-04 21:18:41.647845,person,0.543550431728363,0
2026-05-04 21:18:42.464434,person,0.5262063145637512,0
2026-05-04 21:18:44.284558,person,0.5314045548439026,0
2026-05-04 21:18:44.556824,person,0.6445839405059814,0
2026-05-04 21:18:45.093313,person,0.7294090986251831,0
2026-05-04 21:18:45.511560,person,0.7865108251571655,0
2026-05-04 21:18:45.832456,person,0.7426531314849854,0
2026-05-04 21:18:46.096724,person,0.8546868562698364,0
2026-05-04 21:18:46.392510,person,0.8572642207145691,0
2026-05-04 21:18:46.840525,person,0.8621260523796082,0
2026-05-04 21:18:47.321281,person,0.8787958025932312,0
2026-05-04 21:18:47.328530,cell phone,0.5117714405059814,1
2026-05-04 21:18:47.667263,person,0.9197262525558472,0
2026-05-04 21:18:48.148842,person,0.8343098759651184,0
2026-05-04 21:18:48.655026,person,0.9201111197471619,0
2026-05-04 21:18:48.952970,person,0.914480984210968,0
2026-05-04 21:18:49.453152,person,0.9242852926254272,0
2026-05-04 21:18:49.793407,person,0.8555126786231995,0
2026-05-04 21:18:50.377511,person,0.9323655962944031,0
2026-05-04 21:18:50.705142,person,0.9377281069755554,0
2026-05-04 21:18:51.232140,person,0.9058438539505005,0
2026-05-04 21:18:51.764718,person,0.8633718490600586,0
2026-05-04 21:18:52.153697,person,0.7900946736335754,0
2026-05-04 21:19:16.393597,person,0.7772115468978882,0
2026-05-04 21:19:17.546026,person,0.6970565915107727,0
2026-05-04 21:19:18.088714,person,0.8741976022720337,0
2026-05-04 21:19:18.635780,person,0.7382579445838928,0
2026-05-04 21:19:19.222971,person,0.656181275844574,0
2026-05-04 21:19:19.703277,person,0.7663097977638245,0
2026-05-04 21:19:22.656927,person,0.8705406188964844,0
2026-05-04 21:19:23.167617,person,0.8770995140075684,0
2026-05-04 21:19:23.516762,person,0.902706503868103,0
2026-05-04 21:19:23.970290,person,0.8253172039985657,0
2026-05-04 21:19:24.476188,person,0.7125824689865112,0
2026-05-04 21:19:24.969761,person,0.6852247714996338,0
2026-05-04 21:19:25.464852,person,0.7052553296089172,0
2026-05-04 21:19:26.031794,person,0.7038776278495789,0
2026-05-04 21:19:26.563186,person,0.8655348420143127,0
2026-05-04 21:19:26.828804,person,0.904739499092102,0
2026-05-04 21:19:27.152533,person,0.9169887900352478,0
2026-05-04 21:19:27.607927,person,0.9121934771537781,0
2026-05-04 21:19:28.076422,person,0.9112908244132996,0
2026-05-04 21:19:28.476487,person,0.9068997502326965,0
2026-05-04 21:19:28.957592,person,0.9017978310585022,0
2026-05-04 21:19:29.229936,person,0.902505099773407,0
2026-05-04 21:19:29.687038,person,0.8832665681838989,0
2026-05-04 21:19:29.969135,person,0.8508695363998413,0
2026-05-04 21:19:30.459775,person,0.8727002143859863,0
2026-05-04 21:19:30.940913,person,0.8140682578086853,0
2026-05-04 21:19:31.287182,person,0.6074396371841431,0
2026-05-04 21:19:40.276140,person,0.5528157949447632,0
2026-05-04 21:19:40.634720,person,0.6219742894172668,0
2026-05-04 21:19:52.946692,person,0.5865165591239929,0
2026-05-04 21:19:57.983860,person,0.5234476923942566,0
2026-05-04 21:19:58.821001,person,0.5752019882202148,0
2026-05-04 21:19:59.438402,mouse,0.6234566569328308,0
2026-05-04 21:20:00.031502,person,0.5941395163536072,0
2026-05-04 21:20:00.613562,person,0.7376203536987305,0
2026-05-04 21:20:01.110445,person,0.6673970222473145,0
2026-05-04 21:20:01.563052,person,0.7572639584541321,0
2026-05-04 21:20:02.077240,person,0.664660632610321,0
2026-05-04 21:20:02.604113,person,0.6775702238082886,0
2026-05-04 21:20:03.092393,person,0.6138594746589661,0
2026-05-04 21:20:03.657130,person,0.5420039892196655,0
2026-05-04 21:20:04.566991,person,0.6600849032402039,0
2026-05-04 21:20:04.888074,person,0.8080304265022278,0
2026-05-04 21:20:05.373814,person,0.5818644165992737,0
2026-05-04 21:20:05.723662,person,0.5566437244415283,0
2026-05-04 21:20:07.374828,person,0.5983691215515137,0
2026-05-04 21:20:07.691689,person,0.574975311756134,0
2026-05-04 21:20:07.979665,person,0.5822660326957703,0
2026-05-04 21:20:08.499710,person,0.5617442727088928,0
2026-05-04 21:20:09.397272,person,0.544347882270813,0
2026-05-04 21:20:14.996205,dog,0.5476093888282776,0
2026-05-04 21:20:15.360234,dog,0.6496336460113525,0
2026-05-04 21:20:16.067062,dog,0.7732713222503662,0
2026-05-04 21:20:17.658818,dog,0.5407699346542358,0
2026-05-04 21:20:18.527393,person,0.5926011204719543,0
2026-05-04 21:20:18.871033,dog,0.74686199426651,0
2026-05-04 21:20:19.386203,person,0.5173861980438232,0
2026-05-04 21:20:19.391874,dog,0.5151240825653076,0
2026-05-04 21:20:19.888203,person,0.5940050482749939,0
2026-05-04 21:20:20.357267,person,0.5412594676017761,0
2026-05-04 21:20:20.864849,person,0.5983061194419861,0
2026-05-04 21:20:21.397939,person,0.5539646148681641,0
2026-05-04 21:20:21.402937,dog,0.5041316747665405,0
2026-05-04 21:20:21.702609,person,0.8293197154998779,0
2026-05-04 21:20:22.131848,person,0.7547054290771484,0
2026-05-04 21:20:22.589113,person,0.7183050513267517,0
2026-05-04 21:20:23.114946,person,0.5419214367866516,0
2026-05-04 21:20:23.437712,person,0.7948998808860779,0
2026-05-04 21:20:23.795925,person,0.8533303141593933,0
2026-05-04 21:20:24.316219,person,0.9109898805618286,0
2026-05-04 21:20:24.780660,person,0.9373857378959656,0
2026-05-04 21:20:25.047056,person,0.9402841925621033,0
2026-05-04 21:20:25.050557,cell phone,0.7715923190116882,1
2026-05-04 21:20:25.326361,person,0.9424842000007629,0
2026-05-04 21:20:25.329859,cell phone,0.6809118390083313,1
2026-05-04 21:20:25.676466,person,0.9495823979377747,0
2026-05-04 21:20:25.680184,cell phone,0.7320908904075623,1
2026-05-04 21:20:26.186900,person,0.9451299905776978,0
2026-05-04 21:20:26.190088,cell phone,0.6590295433998108,1
2026-05-04 21:20:26.635154,person,0.9442346692085266,0
2026-05-04 21:20:26.638005,cell phone,0.8013030290603638,1
2026-05-04 21:20:27.147367,person,0.9462928771972656,0
2026-05-04 21:20:27.151000,cell phone,0.7908052206039429,1
2026-05-04 21:20:27.494890,person,0.8853150606155396,0
2026-05-04 21:20:28.053939,person,0.8071557283401489,0
2026-05-04 21:20:28.995033,person,0.8681086897850037,0
2026-05-04 21:20:29.487001,person,0.8086357712745667,0
2026-05-04 21:20:31.384297,person,0.5317044258117676,0
2026-05-04 21:20:31.930957,person,0.5375750064849854,0
2026-05-04 21:20:32.468187,person,0.5558013916015625,0
2026-05-04 21:20:33.432492,person,0.5355536937713623,0
2026-05-04 21:20:35.130394,mouse,0.6492822766304016,0
2026-05-04 21:20:35.134771,person,0.5090312957763672,0
2026-05-04 21:20:36.284777,cell phone,0.6709960103034973,1
2026-05-04 21:20:37.169891,person,0.735210657119751,0
2026-05-04 21:20:37.944150,person,0.5169622898101807,0
2026-05-04 21:20:41.075270,person,0.5929166078567505,0
2026-05-04 21:20:41.573798,person,0.5249248147010803,0
2026-05-04 21:20:41.578352,mouse,0.5138592720031738,0
2026-05-04 21:20:42.218805,person,0.5048125982284546,0
2026-05-04 21:20:45.795783,mouse,0.5144039988517761,0
2026-05-04 21:20:49.956592,mouse,0.5222687721252441,0
2026-05-04 21:20:50.711346,mouse,0.6579015851020813,0
2026-05-04 21:20:51.523796,mouse,0.537411093711853,0
2026-05-04 21:20:52.041583,mouse,0.5014834403991699,0
2026-05-04 21:20:52.448533,mouse,0.5794113874435425,0
2026-05-04 21:20:52.980745,mouse,0.6590524315834045,0
2026-05-04 21:20:53.316117,mouse,0.5312013626098633,0
2026-05-04 21:20:56.915246,mouse,0.5837728381156921,0
2026-05-04 21:20:57.472061,mouse,0.7230054140090942,0
2026-05-04 21:20:58.085740,mouse,0.6104775667190552,0
2026-05-04 21:20:59.331377,mouse,0.6333343386650085,0
2026-05-04 21:20:59.872091,mouse,0.5117640495300293,0
2026-05-04 21:21:00.235063,mouse,0.5045074224472046,0
2026-05-04 21:21:00.899542,mouse,0.5466576218605042,0
2026-05-04 21:21:01.967299,mouse,0.5591500401496887,0
2026-05-04 21:21:02.771899,mouse,0.5923411250114441,0
2026-05-04 21:21:03.291586,mouse,0.6689964532852173,0
2026-05-04 21:21:03.703103,mouse,0.6172885298728943,0
2026-05-04 21:21:04.102925,mouse,0.6596136093139648,0
2026-05-04 21:21:04.366696,mouse,0.6085508465766907,0
2026-05-04 21:21:05.285473,mouse,0.5494841933250427,0
2026-05-04 21:21:05.861683,mouse,0.518293559551239,0
2026-05-04 21:21:09.023470,mouse,0.578892707824707,0
2026-05-04 21:21:09.376514,mouse,0.701831042766571,0
2026-05-04 21:21:09.380162,person,0.5239827632904053,0
2026-05-04 21:21:09.888618,mouse,0.7985069751739502,0
2026-05-04 21:21:09.891780,person,0.6222900748252869,0
2026-05-04 21:21:10.621179,mouse,0.5243391990661621,0
2026-05-04 21:21:11.115393,mouse,0.6491534113883972,0
2026-05-04 21:21:11.483352,person,0.6398103833198547,0
2026-05-04 21:21:11.486972,mouse,0.6271818280220032,0
2026-05-04 21:21:11.982989,mouse,0.6240705847740173,0
2026-05-04 21:21:12.355955,mouse,0.7326133847236633,0
2026-05-04 21:21:12.672994,mouse,0.6562264561653137,0
2026-05-04 21:21:12.677345,person,0.5961050391197205,0
2026-05-04 21:21:13.089497,person,0.5220553278923035,0
2026-05-04 21:21:13.513563,mouse,0.6665045619010925,0
2026-05-04 21:21:14.063759,mouse,0.5837253332138062,0
2026-05-04 21:21:16.121766,mouse,0.5392526388168335,0
2026-05-04 21:21:17.535763,mouse,0.7117947936058044,0
2026-05-04 21:21:18.013749,mouse,0.5919054746627808,0
2026-05-04 21:21:19.004518,mouse,0.5663241744041443,0
2026-05-04 21:21:19.520334,mouse,0.5142196416854858,0
2026-05-04 21:21:20.825594,person,0.568621814250946,0
2026-05-04 21:21:22.116972,person,0.6136390566825867,0
2026-05-04 21:21:22.997381,person,0.5052924156188965,0
2026-05-04 21:21:23.327126,person,0.6032432913780212,0
2026-05-04 21:21:23.703155,person,0.6592432856559753,0
2026-05-04 21:21:23.988756,person,0.6448356509208679,0
2026-05-04 21:21:24.500540,person,0.5712522268295288,0
2026-05-04 21:21:25.047091,person,0.693230390548706,0
2026-05-04 21:21:25.533832,person,0.6750540137290955,0
2026-05-04 21:21:25.940017,person,0.6431397199630737,0
2026-05-04 21:21:26.457400,person,0.6659375429153442,0
2026-05-04 21:21:27.008339,person,0.6159523725509644,0
2026-05-04 21:21:27.014367,person,0.5952591300010681,0
2026-05-04 21:21:27.309585,person,0.5950555205345154,0
2026-05-04 21:21:27.869016,person,0.5917745232582092,0
2026-05-04 21:21:28.351497,person,0.7723517417907715,0
2026-05-04 21:21:28.679867,person,0.5654870271682739,0
2026-05-04 21:21:29.022886,person,0.5431162714958191,0
2026-05-04 21:21:29.934232,person,0.5045409798622131,0
2026-05-04 21:21:30.334387,person,0.5613569021224976,0
2026-05-04 21:21:30.615909,person,0.5604919791221619,0
2026-05-04 21:21:31.159358,person,0.5249906182289124,0
2026-05-04 21:21:31.989107,person,0.7585791945457458,0
2026-05-04 21:21:32.917863,person,0.8356221914291382,0
2026-05-04 21:21:33.537767,person,0.6792512536048889,0
2026-05-04 21:21:33.920657,person,0.8390401601791382,0
2026-05-04 21:21:34.430426,person,0.6897792220115662,0
2026-05-04 21:21:34.921366,person,0.5308475494384766,0
2026-05-04 21:21:34.925013,person,0.5013864040374756,0
2026-05-04 21:21:35.195505,person,0.6943039298057556,0
2026-05-04 21:21:35.683956,person,0.8185872435569763,0
2026-05-04 21:21:36.069472,person,0.8772203326225281,0
2026-05-04 21:21:36.872881,person,0.8157930374145508,0
2026-05-04 21:21:38.576691,person,0.760500431060791,0
2026-05-04 21:21:39.022994,person,0.7583484649658203,0
2026-05-04 21:21:39.591460,person,0.8286899328231812,0
2026-05-04 21:21:40.119274,person,0.7831498384475708,0
2026-05-04 21:21:40.840660,person,0.8634705543518066,0
2026-05-04 21:21:41.171643,person,0.8280345797538757,0
2026-05-04 21:21:41.587257,person,0.8347423672676086,0
2026-05-04 21:21:41.997591,person,0.860384464263916,0
2026-05-04 21:21:42.380330,person,0.861097514629364,0
2026-05-04 21:21:42.724908,person,0.8340654373168945,0
2026-05-04 21:21:43.278164,person,0.849408745765686,0
2026-05-04 21:21:43.676881,person,0.8301287293434143,0
2026-05-04 21:21:44.154630,person,0.7928725481033325,0
2026-05-04 21:21:44.710584,person,0.8438963890075684,0
2026-05-04 21:21:45.425533,person,0.8282692432403564,0
2026-05-04 21:21:45.773238,person,0.8112717270851135,0
2026-05-04 21:21:46.082082,person,0.8121702075004578,0
2026-05-04 21:21:46.504586,person,0.7704328298568726,0
2026-05-04 21:21:47.065429,person,0.7581747770309448,0
2026-05-04 21:21:47.495865,person,0.6790967583656311,0
2026-05-04 21:21:48.036500,person,0.6595969200134277,0
2026-05-04 21:21:48.591591,person,0.7794829607009888,0
2026-05-04 21:21:49.443752,person,0.7451189756393433,0
2026-05-04 21:21:49.778891,person,0.8400062918663025,0
2026-05-04 21:21:50.191490,person,0.789339005947113,0
2026-05-04 21:21:50.616420,person,0.7267722487449646,0
2026-05-04 21:21:51.037669,person,0.7859389781951904,0
2026-05-04 21:21:51.376671,person,0.7786425948143005,0
2026-05-04 21:21:51.863977,person,0.8971359729766846,0
2026-05-04 21:21:52.287368,person,0.8446434140205383,0
2026-05-04 21:21:52.678134,person,0.8515744805335999,0
2026-05-04 21:21:53.273765,person,0.8706533312797546,0
2026-05-04 21:21:53.579447,person,0.8225322365760803,0
2026-05-04 21:21:54.096990,person,0.8959308862686157,0
2026-05-04 21:21:54.719869,person,0.9037668108940125,0
2026-05-04 21:21:54.995826,person,0.9229533672332764,0
2026-05-04 21:21:55.519832,person,0.9065772294998169,0
2026-05-04 21:21:56.013673,person,0.7231608629226685,0
2026-05-04 21:21:56.503740,person,0.7839624285697937,0
2026-05-04 21:21:56.896516,person,0.8985207676887512,0
2026-05-04 21:21:57.285309,person,0.8587139248847961,0
2026-05-04 21:21:57.580233,person,0.9145580530166626,0
2026-05-04 21:21:58.061551,person,0.907164454460144,0
2026-05-04 21:21:58.607753,person,0.9116382598876953,0
2026-05-04 21:21:59.050189,person,0.9111020565032959,0
2026-05-04 21:21:59.368555,person,0.9248507618904114,0
2026-05-04 21:21:59.629867,person,0.9079099893569946,0
2026-05-04 21:22:00.132321,person,0.9064560532569885,0
2026-05-04 21:22:00.462172,person,0.8912261128425598,0
2026-05-04 21:22:00.749801,person,0.8887169361114502,0
2026-05-04 21:22:01.132903,person,0.9075539112091064,0
2026-05-04 21:22:01.592222,person,0.9121976494789124,0
2026-05-04 21:22:01.931217,person,0.8935081362724304,0
2026-05-04 21:22:02.205541,person,0.9150276780128479,0
2026-05-04 21:22:02.662060,person,0.9005035758018494,0
2026-05-04 21:22:02.931746,person,0.8941417336463928,0
2026-05-04 21:22:03.468471,person,0.9036582708358765,0
2026-05-04 21:22:04.173923,person,0.8927488923072815,0
2026-05-04 21:22:07.132792,person,0.880527913570404,0
2026-05-04 21:22:07.812374,person,0.9028695821762085,0
2026-05-04 21:22:08.338316,person,0.791026771068573,0
2026-05-04 21:22:09.151816,person,0.7060381770133972,0
2026-05-04 21:22:09.953612,person,0.7488751411437988,0
2026-05-04 21:22:10.602873,person,0.8514978885650635,0
2026-05-04 21:22:11.164150,person,0.5876189470291138,0
2026-05-04 21:22:11.848467,person,0.7112563252449036,0
2026-05-04 21:22:12.577599,person,0.6192432045936584,0
2026-05-04 21:22:13.185366,person,0.6050307750701904,0
2026-05-04 21:22:13.567234,person,0.5949527025222778,0
2026-05-04 21:22:13.826184,person,0.6895068287849426,0
2026-05-04 21:22:14.102894,person,0.6684392094612122,0
2026-05-04 21:22:14.640812,person,0.6310280561447144,0
2026-05-04 21:22:14.864247,person,0.6816320419311523,0
2026-05-04 21:22:15.139762,person,0.6619987487792969,0
2026-05-04 21:22:15.352380,person,0.69132399559021,0
2026-05-04 21:22:15.780804,person,0.6395524740219116,0
2026-05-04 21:22:15.987851,person,0.7476778626441956,0
2026-05-04 21:22:16.334133,person,0.6560263633728027,0
2026-05-04 21:22:16.592509,person,0.6937274932861328,0
2026-05-04 21:22:16.976130,person,0.6867236495018005,0
2026-05-04 21:22:17.367292,person,0.7042062282562256,0
2026-05-04 21:22:17.601984,person,0.7280803322792053,0
2026-05-04 21:22:17.800225,person,0.6909371018409729,0
2026-05-04 21:22:18.337277,person,0.6795408725738525,0
2026-05-04 21:22:18.627485,person,0.6549561023712158,0
2026-05-04 21:22:18.895604,person,0.6746918559074402,0
2026-05-04 21:22:19.126749,person,0.6496708989143372,0
2026-05-04 21:22:19.430214,person,0.6679331660270691,0
2026-05-04 21:22:19.792076,person,0.6779452562332153,0
2026-05-04 21:22:20.156003,person,0.6389234662055969,0
2026-05-04 21:22:20.650821,person,0.7712615132331848,0
2026-05-04 21:22:20.962918,person,0.6506561040878296,0
2026-05-04 21:22:21.457057,person,0.6975491642951965,0
2026-05-04 21:22:22.152428,person,0.6869513392448425,0
2026-05-04 21:22:22.484708,person,0.676448404788971,0
2026-05-04 21:22:22.719463,person,0.6718804836273193,0
2026-05-04 21:22:23.128676,person,0.7511335611343384,0
2026-05-04 21:22:23.690555,person,0.6907964944839478,0
2026-05-04 21:22:24.133489,person,0.6919167637825012,0
2026-05-04 21:22:24.435291,person,0.6712743639945984,0
2026-05-04 21:22:24.857431,person,0.648347795009613,0
2026-05-04 21:22:25.411705,person,0.7113541960716248,0
2026-05-04 21:22:25.727676,person,0.77525395154953,0
2026-05-04 21:22:26.020734,person,0.7203786373138428,0
2026-05-04 21:22:26.310716,person,0.7236849069595337,0
2026-05-04 21:22:27.060362,person,0.7097442746162415,0
2026-05-04 21:22:27.385472,person,0.717518150806427,0
2026-05-04 21:22:28.077212,person,0.7822046279907227,0
2026-05-04 21:22:28.322961,person,0.742223858833313,0
2026-05-04 21:22:28.966709,person,0.6285792589187622,0
2026-05-04 21:22:29.259822,person,0.8652514815330505,0
2026-05-04 21:22:29.473149,person,0.7947062849998474,0
2026-05-04 21:22:29.678228,person,0.7713747620582581,0
2026-05-04 21:22:29.922988,person,0.7979313731193542,0
2026-05-04 21:22:30.173446,person,0.825248658657074,0
2026-05-04 21:22:30.545519,person,0.7238457798957825,0
2026-05-04 21:22:30.775883,person,0.8073745369911194,0
2026-05-04 21:22:31.056062,person,0.8127802014350891,0
2026-05-04 21:22:31.479306,person,0.7879709601402283,0
2026-05-04 21:22:31.727722,person,0.807567298412323,0
2026-05-04 21:22:32.089713,person,0.7913046479225159,0
2026-05-04 21:22:32.546838,person,0.7858481407165527,0
2026-05-04 21:22:32.987944,person,0.8022518157958984,0
2026-05-04 21:22:33.401495,person,0.7925437688827515,0
2026-05-04 21:22:33.754137,person,0.7891287803649902,0
2026-05-04 21:22:34.080171,person,0.7973092198371887,0
2026-05-04 21:22:34.376526,person,0.8477312922477722,0
2026-05-04 21:22:34.658324,person,0.8148136734962463,0
2026-05-04 21:22:34.892051,person,0.8438502550125122,0
2026-05-04 21:22:35.104059,person,0.8755487203598022,0
2026-05-04 21:22:35.919698,person,0.8583752512931824,0
2026-05-04 21:22:36.183405,person,0.8450838327407837,0
2026-05-04 21:22:36.541420,person,0.8036952614784241,0
2026-05-04 21:22:36.834318,person,0.7680478096008301,0
2026-05-04 21:22:37.512166,person,0.8066173195838928,0
2026-05-04 21:22:37.775727,person,0.773595929145813,0
2026-05-04 21:22:38.056798,person,0.5957215428352356,0
2026-05-04 21:22:38.373293,person,0.6745468378067017,0
2026-05-04 21:22:38.692801,person,0.6022694110870361,0
2026-05-04 21:22:38.915147,person,0.7609993815422058,0
2026-05-04 21:22:39.165568,person,0.6507654190063477,0
2026-05-04 21:22:39.487224,person,0.5576803088188171,0
2026-05-04 21:22:39.910799,person,0.6994982361793518,0
2026-05-04 21:22:40.222083,person,0.594828188419342,0
2026-05-04 21:22:40.425757,person,0.6371518969535828,0
2026-05-04 21:22:40.788283,person,0.5645304322242737,0
2026-05-04 21:22:41.097582,person,0.6472800374031067,0
2026-05-04 21:22:41.677622,person,0.6993029713630676,0
2026-05-04 21:22:42.161963,person,0.6432731747627258,0
2026-05-04 21:22:42.679670,person,0.7390217185020447,0
2026-05-04 21:22:42.972444,person,0.7425552010536194,0
2026-05-04 21:22:43.466527,person,0.6713751554489136,0
2026-05-04 21:22:43.796250,person,0.6095425486564636,0
2026-05-04 21:22:43.798715,person,0.5789105892181396,0
2026-05-04 21:22:44.515055,person,0.6232261657714844,0
2026-05-04 21:22:44.518246,person,0.552350640296936,0
2026-05-04 21:22:44.769958,person,0.6783812046051025,0
2026-05-04 21:22:45.071018,person,0.7540008425712585,0
2026-05-04 21:22:45.475660,person,0.6426005959510803,0
2026-05-04 21:22:45.821320,person,0.7212229371070862,0
2026-05-04 21:22:46.106553,person,0.6816693544387817,0
2026-05-04 21:22:46.807997,person,0.6527061462402344,0
2026-05-04 21:22:47.276346,person,0.8008072376251221,0
2026-05-04 21:22:47.963858,person,0.6293756365776062,0
2026-05-04 21:22:48.253123,person,0.688247799873352,0
2026-05-04 21:22:48.653415,person,0.6948978900909424,0
2026-05-04 21:22:49.089274,person,0.6909806132316589,0
2026-05-04 21:22:49.450026,person,0.7333985567092896,0
2026-05-04 21:22:49.860235,person,0.6366955637931824,0
2026-05-04 21:22:50.122853,person,0.6013503670692444,0
2026-05-04 21:22:50.417862,person,0.6921465992927551,0
2026-05-04 21:22:50.673631,person,0.5723048448562622,0
2026-05-04 21:22:51.062545,person,0.5672809481620789,0
2026-05-04 21:22:51.399999,person,0.6189377307891846,0
2026-05-04 21:22:51.403829,person,0.5281206965446472,0
2026-05-04 21:22:51.742826,person,0.7398778796195984,0
2026-05-04 21:22:52.176041,person,0.615709125995636,0
2026-05-04 21:22:52.408680,person,0.6083683371543884,0
2026-05-04 21:22:52.708712,person,0.5973353385925293,0
2026-05-04 21:22:53.077187,person,0.6262449622154236,0
2026-05-04 21:22:53.498792,person,0.617490828037262,0
2026-05-04 21:22:53.721194,person,0.5961111187934875,0
2026-05-04 21:22:54.119190,person,0.6063117384910583,0
2026-05-04 21:22:54.568680,person,0.6455342769622803,0
2026-05-04 21:22:54.875857,person,0.631610095500946,0
2026-05-04 21:22:55.331972,person,0.6183841824531555,0
2026-05-04 21:22:55.578671,person,0.6315391063690186,0
2026-05-04 21:22:55.841400,person,0.6294816136360168,0
2026-05-04 21:22:56.054597,person,0.6241597533226013,0
2026-05-04 21:22:56.510398,person,0.6069294214248657,0
2026-05-04 21:22:56.796652,person,0.6010794043540955,0
2026-05-04 21:22:57.054661,person,0.72223961353302,0
2026-05-04 21:22:57.497781,person,0.7317889332771301,0
2026-05-04 21:22:57.776381,person,0.7391372323036194,0
2026-05-04 21:22:58.009013,person,0.7101966142654419,0
2026-05-04 21:22:58.331303,person,0.591766893863678,0
2026-05-04 21:22:58.733458,person,0.6187580823898315,0
2026-05-04 21:22:59.191455,person,0.60548996925354,0
2026-05-04 21:22:59.427549,person,0.6141515970230103,0
2026-05-04 21:22:59.681871,person,0.6246283054351807,0
2026-05-04 21:22:59.931216,person,0.6761751174926758,0
2026-05-04 21:23:00.386626,person,0.7428978681564331,0
2026-05-04 21:23:00.720659,person,0.6668214201927185,0
2026-05-04 21:23:01.169223,person,0.7316259741783142,0
2026-05-04 21:23:01.540692,person,0.7174475789070129,0
2026-05-04 21:23:01.755782,person,0.6435303092002869,0
2026-05-04 21:23:02.069748,person,0.6641228795051575,0
2026-05-04 21:23:02.555386,person,0.6390462517738342,0
2026-05-04 21:23:02.827422,person,0.7382084131240845,0
2026-05-04 21:23:03.083907,person,0.732930600643158,0
2026-05-04 21:23:03.514097,person,0.6864099502563477,0
2026-05-04 21:23:03.773831,person,0.601046085357666,0
2026-05-04 21:23:04.336121,person,0.6740339994430542,0
2026-05-04 21:23:04.639755,person,0.593289852142334,0
2026-05-04 21:23:04.895544,person,0.6317895650863647,0
2026-05-04 21:23:05.448203,person,0.5819298028945923,0
2026-05-04 21:23:05.955239,person,0.6331939101219177,0
2026-05-04 21:23:06.273810,person,0.5653512477874756,0
2026-05-04 21:23:06.801172,person,0.6148661375045776,0
2026-05-04 21:23:07.055987,person,0.6559020280838013,0
2026-05-04 21:23:07.712693,person,0.5792619585990906,0
2026-05-04 21:23:07.998773,person,0.5785735845565796,0
2026-05-04 21:23:08.601450,person,0.577646017074585,0
2026-05-04 21:23:09.131686,person,0.5922210216522217,0
2026-05-04 21:23:09.516729,person,0.5232872366905212,0
2026-05-04 21:23:09.968670,person,0.5808602571487427,0
2026-05-04 21:23:10.328218,person,0.640274167060852,0
2026-05-04 21:23:10.599747,person,0.5902365446090698,0
2026-05-04 21:23:10.601578,person,0.5080142617225647,0
2026-05-04 21:23:11.020279,person,0.5847066640853882,0
2026-05-04 21:23:11.302664,person,0.6308661103248596,0
2026-05-04 21:23:11.559189,person,0.5502419471740723,0
2026-05-04 21:23:12.106501,person,0.6123087406158447,0
2026-05-04 21:23:12.363432,person,0.6295291185379028,0
2026-05-04 21:23:12.867650,person,0.6350785493850708,0
2026-05-04 21:23:13.560119,person,0.5799442529678345,0
2026-05-04 21:23:14.291033,person,0.5987703204154968,0
2026-05-04 21:23:14.612300,person,0.5848978161811829,0
2026-05-04 21:23:15.150310,person,0.6447566747665405,0
2026-05-04 21:23:15.541355,person,0.6970710158348083,0
2026-05-04 21:23:15.795145,person,0.6536800265312195,0
2026-05-04 21:23:16.328052,person,0.6066541075706482,0
2026-05-04 21:23:16.672776,person,0.6119855642318726,0
2026-05-04 21:23:17.072500,person,0.6099591851234436,0
2026-05-04 21:23:17.444758,person,0.6505593657493591,0
2026-05-04 21:23:17.736378,person,0.6586807370185852,0
2026-05-04 21:23:18.061276,person,0.6030638813972473,0
2026-05-04 21:23:18.607415,person,0.5409221649169922,0
2026-05-04 21:23:19.038380,person,0.6203553080558777,0
2026-05-04 21:23:19.536938,person,0.5853527188301086,0
2026-05-04 21:23:19.889225,person,0.6347113847732544,0
2026-05-04 21:23:20.444162,person,0.6588369011878967,0
2026-05-04 21:23:20.902912,person,0.7631411552429199,0
2026-05-04 21:23:21.249417,person,0.7400344014167786,0
2026-05-04 21:23:21.660755,person,0.7733296155929565,0
2026-05-04 21:23:21.884988,person,0.7611408829689026,0
2026-05-04 21:23:22.615935,person,0.7494291067123413,0
2026-05-04 21:23:22.958820,person,0.7657467126846313,0
2026-05-04 21:23:23.436313,person,0.7190778255462646,0
2026-05-04 21:23:23.680079,person,0.7445735931396484,0
2026-05-04 21:23:23.920129,person,0.7054546475410461,0
2026-05-04 21:23:24.167656,person,0.7097222805023193,0
2026-05-04 21:23:24.651856,person,0.7330734729766846,0
2026-05-04 21:23:24.896647,person,0.7377452850341797,0
2026-05-04 21:23:25.716847,person,0.7740380764007568,0
2026-05-04 21:23:26.439836,person,0.7546443343162537,0
2026-05-04 21:23:26.704563,person,0.7567172646522522,0
2026-05-04 21:23:26.994364,person,0.76023930311203,0
2026-05-04 21:23:27.278347,person,0.785615086555481,0
2026-05-04 21:23:27.860283,person,0.7801316380500793,0
2026-05-04 21:23:28.309561,person,0.7631837725639343,0
2026-05-04 21:23:28.948436,person,0.5690280199050903,0
2026-05-04 21:23:29.478218,person,0.6724741458892822,0
2026-05-04 21:23:29.935314,person,0.7358096241950989,0
2026-05-04 21:23:30.272051,person,0.7975127696990967,0
2026-05-04 21:23:30.855733,person,0.8253336548805237,0
2026-05-04 21:23:31.162922,person,0.8365477323532104,0
2026-05-04 21:23:31.573872,person,0.7489911317825317,0
2026-05-04 21:23:32.171354,person,0.786456286907196,0
2026-05-04 21:23:32.528432,person,0.667685329914093,0
2026-05-04 21:23:32.531365,person,0.5717349648475647,0
2026-05-04 21:23:32.860608,person,0.6709773540496826,0
2026-05-04 21:23:32.862842,person,0.5091039538383484,0
2026-05-04 21:23:33.352887,person,0.7197956442832947,0
2026-05-04 21:23:33.906435,person,0.6448747515678406,0
2026-05-04 21:23:33.908771,person,0.6220057010650635,0
2026-05-04 21:23:34.218524,person,0.7309743762016296,0
2026-05-04 21:23:34.576715,person,0.6760724782943726,0
2026-05-04 21:23:34.578758,person,0.5817392468452454,0
2026-05-04 21:23:35.017018,person,0.7044475078582764,0
2026-05-04 21:23:35.316269,person,0.7885065078735352,0
2026-05-04 21:23:35.629231,person,0.6516600251197815,0
2026-05-04 21:23:35.631895,person,0.5359575152397156,0
2026-05-04 21:23:36.201035,person,0.5987998247146606,0
2026-05-04 21:23:36.203866,person,0.5868550539016724,0
2026-05-04 21:23:36.637102,person,0.7618588209152222,0
2026-05-04 21:23:36.844352,person,0.6114718914031982,0
2026-05-04 21:23:37.132907,person,0.750390350818634,0
2026-05-04 21:23:37.471701,person,0.7623060345649719,0
2026-05-04 21:23:37.704075,person,0.68592369556427,0
2026-05-04 21:23:38.034459,person,0.6321626901626587,0
2026-05-04 21:23:38.317417,person,0.6225060820579529,0
2026-05-04 21:23:38.699015,person,0.6478567123413086,0
2026-05-04 21:23:38.937403,person,0.5962218642234802,0
2026-05-04 21:23:39.169642,person,0.5964367389678955,0
2026-05-04 21:23:39.730891,person,0.6115784645080566,0
2026-05-04 21:23:39.733273,person,0.5784215927124023,0
2026-05-04 21:23:39.991849,person,0.6527702808380127,0
2026-05-04 21:23:40.314311,person,0.6262159943580627,0
2026-05-04 21:23:40.316308,person,0.6002813577651978,0
2026-05-04 21:23:40.562854,person,0.5651068687438965,0
2026-05-04 21:23:40.564790,person,0.5614590644836426,0
2026-05-04 21:23:40.982632,person,0.6862391829490662,0
2026-05-04 21:23:41.282213,person,0.7148210406303406,0
2026-05-04 21:23:41.564751,person,0.7178531289100647,0
2026-05-04 21:23:41.816586,person,0.6672422289848328,0
2026-05-04 21:23:42.175928,person,0.8134111762046814,0
2026-05-04 21:23:42.511524,person,0.7960203289985657,0
2026-05-04 21:23:42.804797,person,0.7890486121177673,0
2026-05-04 21:23:43.062337,person,0.7755980491638184,0
2026-05-04 21:23:43.634580,person,0.7912976145744324,0
2026-05-04 21:23:44.046223,person,0.819869339466095,0
2026-05-04 21:23:44.382178,person,0.825290858745575,0
2026-05-04 21:23:45.123524,person,0.705912172794342,0
2026-05-04 21:23:45.456059,person,0.744945764541626,0
2026-05-04 21:23:45.748847,person,0.7507067322731018,0
2026-05-04 21:23:46.009157,person,0.7468346953392029,0
2026-05-04 21:23:46.299620,person,0.759670078754425,0
2026-05-04 21:23:46.666938,person,0.7190870046615601,0
2026-05-04 21:23:46.882527,person,0.6305099725723267,0
2026-05-04 21:23:47.126150,person,0.7049244046211243,0
2026-05-04 21:23:47.384559,person,0.7050700187683105,0
2026-05-04 21:23:47.742124,person,0.5932145118713379,0
2026-05-04 21:23:48.009726,person,0.6208749413490295,0
2026-05-04 21:23:48.294475,person,0.681243360042572,0
2026-05-04 21:23:48.638493,person,0.6338841915130615,0
2026-05-04 21:23:49.066627,person,0.7219687104225159,0
2026-05-04 21:23:49.369901,person,0.6811492443084717,0
2026-05-04 21:23:49.727847,person,0.7307009696960449,0
2026-05-04 21:23:50.382770,person,0.7180708050727844,0
2026-05-04 21:23:50.851111,person,0.5764630436897278,0
2026-05-04 21:23:51.107068,person,0.652069091796875,0
2026-05-04 21:23:51.734864,person,0.6391671299934387,0
2026-05-04 21:23:52.316916,person,0.6488950848579407,0
2026-05-04 21:23:53.046429,person,0.7716392278671265,0
2026-05-04 21:23:53.438711,person,0.5367047786712646,0
2026-05-04 21:23:53.738771,person,0.7160161733627319,0
2026-05-04 21:23:54.066765,person,0.7575995922088623,0
2026-05-04 21:23:54.329356,person,0.5982507467269897,0
2026-05-04 21:23:55.009573,person,0.6827279329299927,0
2026-05-04 21:23:55.241944,person,0.6633927226066589,0
2026-05-04 21:23:55.546358,person,0.7129775285720825,0
2026-05-04 21:23:55.930659,person,0.687427282333374,0
2026-05-04 21:23:56.242891,person,0.7688332200050354,0
2026-05-04 21:23:56.568999,person,0.5793461799621582,0
2026-05-04 21:23:56.571911,person,0.5286077857017517,0
2026-05-04 21:23:56.867160,person,0.6768249869346619,0
2026-05-04 21:23:57.233356,person,0.5497412085533142,0
2026-05-04 21:23:57.613776,person,0.6965644955635071,0
2026-05-04 21:23:58.308581,person,0.5770846605300903,0
2026-05-04 21:23:58.731282,person,0.617277979850769,0
2026-05-04 21:23:59.304485,person,0.5819132924079895,0
2026-05-04 21:23:59.552839,person,0.7031641602516174,0
2026-05-04 21:23:59.905028,person,0.5846776962280273,0
2026-05-04 21:24:00.124356,person,0.5500795245170593,0
2026-05-04 21:24:00.441257,person,0.5426185131072998,0
2026-05-04 21:24:00.744494,person,0.6449680328369141,0
2026-05-04 21:24:01.364136,person,0.5661487579345703,0
2026-05-04 21:24:02.363699,person,0.5457947850227356,0
2026-05-04 21:24:02.610161,person,0.6453767418861389,0
2026-05-04 21:24:02.897495,person,0.635759174823761,0
2026-05-04 21:24:03.366414,person,0.6163046956062317,0
2026-05-04 21:24:03.826194,person,0.641551673412323,0
2026-05-04 21:24:04.243039,person,0.6149170994758606,0
2026-05-04 21:24:04.883270,person,0.75052809715271,0
2026-05-04 21:24:05.301459,person,0.6998132467269897,0
2026-05-04 21:24:05.753467,person,0.7334764003753662,0
2026-05-04 21:24:06.019117,person,0.689814031124115,0
2026-05-04 21:24:06.386388,person,0.7496381402015686,0
2026-05-04 21:24:06.733571,person,0.7978024482727051,0
2026-05-04 21:24:07.031325,person,0.796618640422821,0
2026-05-04 21:24:07.639127,person,0.7677604556083679,0
2026-05-04 21:24:08.127161,person,0.6566655039787292,0
2026-05-04 21:24:08.699076,person,0.8009116053581238,0
2026-05-04 21:24:09.151757,person,0.7380802631378174,0
2026-05-04 21:24:09.591705,person,0.6767397522926331,0
2026-05-04 21:24:09.864563,person,0.6830956935882568,0
2026-05-04 21:24:10.179088,person,0.6735588908195496,0
2026-05-04 21:24:10.490186,person,0.5554375052452087,0
2026-05-04 21:24:11.412712,person,0.6566154956817627,0
2026-05-04 21:24:11.915297,person,0.6752318143844604,0
2026-05-04 21:24:11.917613,person,0.5984567999839783,0
2026-05-04 21:24:12.290640,person,0.7360668182373047,0
2026-05-04 21:24:12.524302,person,0.6678400635719299,0
2026-05-04 21:24:12.820609,person,0.6352031230926514,0
2026-05-04 21:24:13.229474,person,0.5934779644012451,0
2026-05-04 21:24:13.690673,person,0.538195788860321,0
2026-05-04 21:24:14.555367,person,0.7647914290428162,0
2026-05-04 21:24:14.835642,person,0.6654331088066101,0
2026-05-04 21:24:15.238332,person,0.5804184675216675,0
2026-05-04 21:24:15.676910,person,0.630756676197052,0
2026-05-04 21:24:16.226223,person,0.7067533135414124,0
2026-05-04 21:24:16.663804,person,0.8288100957870483,0
2026-05-04 21:24:16.921255,person,0.8947857022285461,0
2026-05-04 21:24:17.573846,person,0.8819904923439026,0
2026-05-04 21:24:17.950124,person,0.8294975161552429,0
2026-05-04 21:24:18.517750,person,0.8954410552978516,0
2026-05-04 21:24:18.827058,person,0.7680053114891052,0
2026-05-04 21:24:19.236100,person,0.7358278036117554,0
2026-05-04 21:24:19.507605,person,0.7650833129882812,0
2026-05-04 21:24:19.834389,person,0.7706716060638428,0
2026-05-04 21:24:20.495765,person,0.7433905601501465,0
2026-05-04 21:24:20.883545,person,0.7126721739768982,0
2026-05-04 21:24:21.322609,person,0.8273378610610962,0
2026-05-04 21:24:21.670756,person,0.8629702925682068,0
2026-05-04 21:24:22.082635,person,0.8381752371788025,0
2026-05-04 21:24:22.302539,person,0.7957361340522766,0
2026-05-04 21:24:22.823258,person,0.8349165916442871,0
2026-05-04 21:24:23.097754,person,0.8485732078552246,0
2026-05-04 21:24:23.409898,person,0.8210991024971008,0
2026-05-04 21:24:23.822770,person,0.7986286282539368,0
2026-05-04 21:24:24.098929,person,0.7957421541213989,0
2026-05-04 21:24:24.342435,person,0.8080857992172241,0
2026-05-04 21:24:24.649290,person,0.8375644087791443,0
2026-05-04 21:24:24.911467,person,0.8397868275642395,0
2026-05-04 21:24:25.224857,person,0.8541711568832397,0
2026-05-04 21:24:25.567784,person,0.7745528817176819,0
2026-05-04 21:24:26.033430,person,0.8488917946815491,0
2026-05-04 21:24:26.295113,person,0.8640966415405273,0
2026-05-04 21:24:26.518733,person,0.8663157224655151,0
2026-05-04 21:24:26.762491,person,0.8617837429046631,0
2026-05-04 21:24:27.141809,person,0.8734851479530334,0
2026-05-04 21:24:27.394089,person,0.8708164691925049,0
2026-05-04 21:24:27.700975,person,0.8656848073005676,0
2026-05-04 21:24:27.954184,person,0.8832342028617859,0
2026-05-04 21:24:28.581701,person,0.8710616230964661,0
2026-05-04 21:24:28.957338,person,0.8482037782669067,0
2026-05-04 21:24:29.336007,person,0.8672674298286438,0
2026-05-04 21:24:30.107444,person,0.8912944197654724,0
2026-05-04 21:24:30.596321,person,0.8938230276107788,0
2026-05-04 21:24:31.126135,person,0.8949798941612244,0
2026-05-04 21:24:31.609427,person,0.8816562294960022,0
2026-05-04 21:24:32.033992,person,0.8924311399459839,0
2026-05-04 21:24:32.476493,person,0.8879024982452393,0
2026-05-04 21:24:32.772842,person,0.9112377762794495,0
2026-05-04 21:24:33.449863,person,0.8898962736129761,0
2026-05-04 21:24:33.988388,person,0.9017572999000549,0
2026-05-04 21:24:34.335712,person,0.9028432369232178,0
2026-05-04 21:24:34.769122,person,0.9094794392585754,0
2026-05-04 21:24:35.639708,person,0.9116359949111938,0
2026-05-04 21:24:36.122514,person,0.9160786271095276,0
2026-05-04 21:24:36.664484,person,0.9201208353042603,0
2026-05-04 21:24:37.023448,person,0.9098275303840637,0
2026-05-04 21:24:37.369280,person,0.915556788444519,0
2026-05-04 21:24:37.970928,person,0.910995602607727,0
2026-05-04 21:24:39.660634,person,0.913450300693512,0
2026-05-04 21:25:36.091307,person,0.7608045935630798,0
2026-05-04 21:25:36.345873,person,0.7400675415992737,0
2026-05-04 21:25:36.594408,person,0.7058126926422119,0
2026-05-04 21:25:36.834890,person,0.8810496926307678,0
2026-05-04 21:25:37.111098,person,0.9048295021057129,0
2026-05-04 21:25:37.114918,suitcase,0.5310072898864746,0
2026-05-04 21:25:37.346286,person,0.9082028269767761,0
2026-05-04 21:25:37.349003,suitcase,0.5557165741920471,0
2026-05-04 21:25:37.611251,person,0.8981144428253174,0
2026-05-04 21:25:37.614037,suitcase,0.7461121678352356,0
2026-05-04 21:25:37.966030,person,0.8994914889335632,0
2026-05-04 21:25:37.969103,suitcase,0.6021485328674316,0
2026-05-04 21:25:38.206336,person,0.8946416974067688,0
2026-05-04 21:25:38.209857,suitcase,0.7187752723693848,0
2026-05-04 21:25:38.455568,person,0.8979301452636719,0
2026-05-04 21:25:38.458007,suitcase,0.7289802432060242,0
2026-05-04 21:25:38.708356,person,0.9032657146453857,0
2026-05-04 21:25:38.712553,suitcase,0.6147773265838623,0
2026-05-04 21:25:38.971541,person,0.9046517610549927,0
2026-05-04 21:25:38.974367,suitcase,0.5497594475746155,0
2026-05-04 21:25:39.231931,person,0.897468626499176,0
2026-05-04 21:25:39.233899,suitcase,0.7021052837371826,0
2026-05-04 21:25:39.493073,person,0.8778383135795593,0
2026-05-04 21:25:39.495846,suitcase,0.6710434556007385,0
2026-05-04 21:25:39.728640,person,0.8650548458099365,0
2026-05-04 21:25:39.730884,suitcase,0.5820550918579102,0
2026-05-04 21:25:39.988946,person,0.8825188279151917,0
2026-05-04 21:25:39.991544,suitcase,0.635201632976532,0
2026-05-04 21:25:40.374770,person,0.8873879909515381,0
2026-05-04 21:25:40.376687,suitcase,0.6129915714263916,0
2026-05-04 21:25:40.616935,person,0.872128963470459,0
2026-05-04 21:25:40.619315,suitcase,0.5798320174217224,0
2026-05-04 21:25:40.858927,person,0.8828471302986145,0
2026-05-04 21:25:40.860980,suitcase,0.5935366749763489,0
2026-05-04 21:25:41.112797,person,0.8896628618240356,0
2026-05-04 21:25:41.114905,suitcase,0.5079666972160339,0
2026-05-04 21:25:41.372204,person,0.8870313167572021,0
2026-05-04 21:25:41.374438,suitcase,0.5614467263221741,0
2026-05-04 21:25:41.615287,person,0.890853762626648,0
2026-05-04 21:25:41.618224,suitcase,0.6278077960014343,0
2026-05-04 21:25:41.857930,person,0.8821506500244141,0
2026-05-04 21:25:41.860555,suitcase,0.5851918458938599,0
2026-05-04 21:25:42.094064,person,0.9031960964202881,0
2026-05-04 21:25:42.098147,suitcase,0.5022575855255127,0
2026-05-04 21:25:42.393184,person,0.8980515599250793,0
2026-05-04 21:25:42.395595,suitcase,0.5259071588516235,0
2026-05-04 21:25:42.652931,person,0.8865475058555603,0
2026-05-04 21:25:42.931921,person,0.8778755068778992,0
2026-05-04 21:25:43.168585,person,0.9051031470298767,0
2026-05-04 21:25:43.439766,person,0.8876886367797852,0
2026-05-04 21:25:43.933048,person,0.9048072099685669,0
2026-05-04 21:25:44.334641,person,0.8991568088531494,0
2026-05-04 21:25:44.336870,suitcase,0.5552389621734619,0
2026-05-04 21:25:44.713029,person,0.9069482088088989,0
2026-05-04 21:25:44.714528,suitcase,0.6520337462425232,0
2026-05-04 21:25:44.956281,person,0.8876095414161682,0
2026-05-04 21:25:44.958043,suitcase,0.520876407623291,0
2026-05-04 21:25:45.211636,person,0.9000627398490906,0
2026-05-04 21:25:45.213687,suitcase,0.57291579246521,0
2026-05-04 21:25:45.437123,person,0.8943600654602051,0
2026-05-04 21:25:45.643345,person,0.9045034050941467,0
2026-05-04 21:25:45.646070,suitcase,0.5936062932014465,0
2026-05-04 21:25:45.961637,person,0.8967911601066589,0
2026-05-04 21:25:45.963892,suitcase,0.5336089730262756,0
2026-05-04 21:25:46.201631,person,0.9006356000900269,0
2026-05-04 21:25:46.204479,suitcase,0.505765438079834,0
2026-05-04 21:25:46.462691,person,0.901314914226532,0
2026-05-04 21:25:46.464871,suitcase,0.5562219619750977,0
2026-05-04 21:25:46.710594,person,0.9014214277267456,0
2026-05-04 21:25:46.713697,suitcase,0.676554799079895,0
2026-05-04 21:25:46.967558,person,0.891142725944519,0
2026-05-04 21:25:46.970889,suitcase,0.5061482191085815,0
2026-05-04 21:25:47.227982,person,0.900393009185791,0
2026-05-04 21:25:47.230250,suitcase,0.6747565269470215,0
2026-05-04 21:25:47.511420,person,0.8406986594200134,0
2026-05-04 21:25:47.513605,suitcase,0.5631659626960754,0
2026-05-04 21:25:48.009983,person,0.8160443902015686,0
2026-05-04 21:25:48.012156,suitcase,0.6090523600578308,0
2026-05-04 21:25:48.537104,person,0.9008186459541321,0
2026-05-04 21:25:48.540553,suitcase,0.553135871887207,0
2026-05-04 21:25:49.120367,person,0.8986440896987915,0
2026-05-04 21:25:49.122944,suitcase,0.6774226427078247,0
2026-05-04 21:25:49.360008,person,0.8746799826622009,0
2026-05-04 21:25:49.633489,person,0.8837913274765015,0
2026-05-04 21:25:49.883584,person,0.8463303446769714,0
2026-05-04 21:25:49.885592,suitcase,0.5937813520431519,0
2026-05-04 21:25:50.133277,person,0.8688663840293884,0
2026-05-04 21:25:50.135333,suitcase,0.56755530834198,0
2026-05-04 21:25:51.244306,person,0.8453222513198853,0
2026-05-04 21:25:51.246453,suitcase,0.5719782710075378,0
2026-05-04 21:25:52.060946,person,0.7879376411437988,0
2026-05-04 21:25:52.662827,person,0.890442430973053,0
2026-05-04 21:25:52.922043,person,0.8635082840919495,0
2026-05-04 21:25:53.196347,person,0.8689496517181396,0
2026-05-04 21:25:54.074337,person,0.8587061166763306,0
2026-05-04 21:25:55.870429,person,0.728312075138092,0
2026-05-04 21:25:56.450700,person,0.745966911315918,0
2026-05-04 21:25:56.734731,person,0.8664988875389099,0
2026-05-04 21:25:56.738634,suitcase,0.5932289361953735,0
2026-05-04 21:25:57.100177,person,0.8883593082427979,0
2026-05-04 21:25:57.102445,suitcase,0.6567089557647705,0
2026-05-04 21:25:57.332270,person,0.8794072866439819,0
2026-05-04 21:25:57.334158,suitcase,0.5727222561836243,0
2026-05-04 21:25:57.670688,person,0.8837468028068542,0
2026-05-04 21:25:57.672760,suitcase,0.6194376349449158,0
2026-05-04 21:25:58.220598,person,0.8732221126556396,0
2026-05-04 21:25:58.224025,suitcase,0.5725744962692261,0
2026-05-04 21:25:58.597728,person,0.8786430954933167,0
2026-05-04 21:25:58.600389,suitcase,0.6978344917297363,0
2026-05-04 21:25:58.839010,person,0.8787316679954529,0
2026-05-04 21:25:58.841494,suitcase,0.7640838623046875,0
2026-05-04 21:25:59.143971,person,0.8846435546875,0
2026-05-04 21:25:59.146259,suitcase,0.6874755024909973,0
2026-05-04 21:25:59.723155,person,0.8816052675247192,0
2026-05-04 21:25:59.724979,suitcase,0.6850693225860596,0
2026-05-04 21:25:59.984964,person,0.8749954700469971,0
2026-05-04 21:25:59.987280,suitcase,0.6678357720375061,0
2026-05-04 21:26:00.233567,person,0.8892343044281006,0
2026-05-04 21:26:00.236172,suitcase,0.6346180438995361,0
2026-05-04 21:26:00.477400,person,0.8945728540420532,0
2026-05-04 21:26:00.479401,suitcase,0.6050888895988464,0
2026-05-04 21:26:00.726897,person,0.8842981457710266,0
2026-05-04 21:26:00.729115,suitcase,0.5651262998580933,0
2026-05-04 21:26:00.973765,person,0.8953066468238831,0
2026-05-04 21:26:00.975780,suitcase,0.5447070002555847,0
2026-05-04 21:26:01.198491,person,0.8771883845329285,0
2026-05-04 21:26:01.433802,person,0.852664053440094,0
2026-05-04 21:26:01.918720,person,0.8500165939331055,0
2026-05-04 21:26:02.171436,person,0.8819093704223633,0
2026-05-04 21:26:02.410620,person,0.8623870611190796,0
2026-05-04 21:26:02.654536,person,0.8372387290000916,0
2026-05-04 21:26:02.900431,person,0.8729099631309509,0
2026-05-04 21:26:02.902210,suitcase,0.5503991842269897,0
2026-05-04 21:26:03.155406,person,0.8894394040107727,0
2026-05-04 21:26:03.157788,suitcase,0.6481546759605408,0
2026-05-04 21:26:03.401242,person,0.9049050211906433,0
2026-05-04 21:26:03.403335,suitcase,0.545648992061615,0
2026-05-04 21:26:03.838799,person,0.8929292559623718,0
2026-05-04 21:26:03.841604,suitcase,0.5738379955291748,0
2026-05-04 21:26:04.295041,person,0.8943406939506531,0
2026-05-04 21:26:04.297634,suitcase,0.5421286821365356,0
2026-05-04 21:26:04.923610,person,0.8940895199775696,0
2026-05-04 21:26:04.925418,suitcase,0.6254496574401855,0
2026-05-04 21:26:05.273884,person,0.8927808403968811,0
2026-05-04 21:26:05.276077,suitcase,0.5856731534004211,0
2026-05-04 21:26:05.516298,person,0.8822686076164246,0
2026-05-04 21:26:05.758804,person,0.880788266658783,0
2026-05-04 21:26:05.992836,person,0.8962108492851257,0
2026-05-04 21:26:05.994956,suitcase,0.6785829663276672,0
2026-05-04 21:26:06.249681,person,0.8657159805297852,0
2026-05-04 21:26:06.252182,suitcase,0.6779987215995789,0
2026-05-04 21:26:06.505336,person,0.9024460911750793,0
2026-05-04 21:26:06.508155,suitcase,0.5703220963478088,0
2026-05-04 21:26:06.741899,person,0.883892297744751,0
2026-05-04 21:26:06.743967,suitcase,0.604220986366272,0
2026-05-04 21:26:06.960463,person,0.8831017017364502,0
2026-05-04 21:26:06.962494,suitcase,0.6057341694831848,0
2026-05-04 21:26:07.400617,person,0.9047352075576782,0
2026-05-04 21:26:07.402945,suitcase,0.6977275609970093,0
2026-05-04 21:26:07.669124,person,0.8251822590827942,0
2026-05-04 21:26:07.672244,suitcase,0.5191723704338074,0
2026-05-04 21:26:07.913829,person,0.76331627368927,0
2026-05-04 21:26:08.150561,person,0.8427450060844421,0
2026-05-04 21:26:08.397614,person,0.8102847337722778,0
2026-05-04 21:26:08.399692,suitcase,0.5142079591751099,0
2026-05-04 21:26:08.644411,person,0.8557674884796143,0
2026-05-04 21:26:08.864520,person,0.8377240300178528,0
2026-05-04 21:26:09.091521,person,0.77607262134552,0
2026-05-04 21:26:09.341002,person,0.83230060338974,0
2026-05-04 21:26:09.713497,person,0.870740532875061,0
2026-05-04 21:26:09.983646,person,0.8384627103805542,0
2026-05-04 21:26:09.986123,suitcase,0.5364869236946106,0
2026-05-04 21:26:10.236848,person,0.8574972152709961,0
2026-05-04 21:26:10.467920,person,0.869486391544342,0
2026-05-04 21:26:10.470121,suitcase,0.5418077707290649,0
2026-05-04 21:26:10.688185,person,0.8615615963935852,0
2026-05-04 21:26:10.929312,person,0.8389192819595337,0
2026-05-04 21:26:11.160931,person,0.8627545237541199,0
2026-05-04 21:26:11.404241,person,0.8830555081367493,0
2026-05-04 21:26:11.635041,person,0.8336294293403625,0
2026-05-04 21:26:11.939003,person,0.8052752614021301,0
2026-05-04 21:26:12.264468,person,0.8400688171386719,0
2026-05-04 21:26:12.266287,suitcase,0.5585060119628906,0
2026-05-04 21:26:12.644000,person,0.8559604287147522,0
2026-05-04 21:26:12.645848,suitcase,0.5920258164405823,0
2026-05-04 21:26:13.049818,person,0.842261791229248,0
2026-05-04 21:26:13.051453,suitcase,0.6944010257720947,0
2026-05-04 21:26:13.323564,person,0.8188262581825256,0
2026-05-04 21:26:13.325885,suitcase,0.5305703282356262,0
2026-05-04 21:26:13.843621,person,0.872115433216095,0
2026-05-04 21:26:14.788486,person,0.8282934427261353,0
2026-05-04 21:26:15.106387,person,0.8549126386642456,0
2026-05-04 21:26:15.108832,suitcase,0.5818696022033691,0
2026-05-04 21:26:15.427124,person,0.7622446417808533,0
2026-05-04 21:26:16.194355,person,0.8341460227966309,0
2026-05-04 21:26:16.196033,suitcase,0.6245043277740479,0
2026-05-04 21:26:16.553572,person,0.8397337794303894,0
2026-05-04 21:26:16.982391,person,0.807997465133667,0
2026-05-04 21:26:17.226726,person,0.8425182700157166,0
2026-05-04 21:26:17.437479,person,0.8730292320251465,0
2026-05-04 21:26:18.019348,person,0.9080135822296143,0
2026-05-04 21:26:18.021285,suitcase,0.5084935426712036,0
2026-05-04 21:26:18.591849,person,0.8880862593650818,0
2026-05-04 21:26:19.052431,person,0.8989642858505249,0
2026-05-04 21:26:19.453879,person,0.8803123235702515,0
2026-05-04 21:26:19.861217,person,0.8949326276779175,0
2026-05-04 21:26:20.254643,person,0.8881592154502869,0
2026-05-04 21:26:20.683762,person,0.9035061001777649,0
2026-05-04 21:26:21.186611,person,0.9009527564048767,0
2026-05-04 21:26:21.188472,suitcase,0.5008509755134583,0
2026-05-04 21:26:21.754424,person,0.8943960666656494,0
2026-05-04 21:26:22.166862,person,0.8881558179855347,0
2026-05-04 21:26:22.168650,suitcase,0.6059054136276245,0
2026-05-04 21:26:22.660297,person,0.9021835327148438,0
2026-05-04 21:26:22.662395,suitcase,0.7138011455535889,0
2026-05-04 21:26:23.065926,person,0.9042177200317383,0
2026-05-04 21:26:23.069663,suitcase,0.5841144323348999,0
2026-05-04 21:26:23.490137,person,0.9151585698127747,0
2026-05-04 21:26:23.909613,person,0.905582070350647,0
2026-05-04 21:26:24.336201,person,0.9074455499649048,0
2026-05-04 21:26:24.338349,suitcase,0.5154832601547241,0
2026-05-04 21:26:24.754617,person,0.9121699929237366,0
2026-05-04 21:26:25.167242,person,0.8966130614280701,0
2026-05-04 21:26:25.169085,suitcase,0.6816738247871399,0
2026-05-04 21:26:25.564209,person,0.8878371119499207,0
2026-05-04 21:26:25.971383,person,0.8775676488876343,0
2026-05-04 21:26:26.452816,person,0.8579323887825012,0
2026-05-04 21:26:26.946028,person,0.8934147357940674,0
2026-05-04 21:26:26.947930,suitcase,0.6641976833343506,0
2026-05-04 21:26:27.487385,person,0.8713739514350891,0
2026-05-04 21:26:28.485998,person,0.8874768614768982,0
2026-05-04 21:26:28.487997,suitcase,0.5647552013397217,0
2026-05-04 21:26:28.946504,person,0.9097571969032288,0
2026-05-04 21:26:28.948900,suitcase,0.6517255902290344,0
2026-05-04 21:26:29.384658,person,0.8433037400245667,0
2026-05-04 21:26:29.627784,person,0.8962195515632629,0
2026-05-04 21:26:29.961453,person,0.8688476085662842,0
2026-05-04 21:26:30.199732,person,0.9101576209068298,0
2026-05-04 21:26:30.202605,suitcase,0.5802831649780273,0
2026-05-04 21:26:30.457325,person,0.8586669564247131,0
2026-05-04 21:26:30.460992,suitcase,0.6711670160293579,0
2026-05-04 21:26:30.887523,person,0.8858423233032227,0
2026-05-04 21:26:31.390333,person,0.8817882537841797,0
2026-05-04 21:26:31.981801,person,0.8791650533676147,0
2026-05-04 21:26:32.449620,person,0.8850979804992676,0
2026-05-04 21:26:32.451931,suitcase,0.5459597110748291,0
2026-05-04 21:26:33.004978,person,0.8664645552635193,0
2026-05-04 21:26:33.006904,suitcase,0.7146313190460205,0
2026-05-04 21:26:34.298553,person,0.8633596897125244,0
2026-05-04 21:26:34.300441,suitcase,0.5614922046661377,0
2026-05-04 21:26:34.954830,person,0.8614370226860046,0
2026-05-04 21:26:34.957009,suitcase,0.6711130738258362,0
2026-05-04 21:26:35.254905,person,0.8850669860839844,0
2026-05-04 21:26:35.258069,suitcase,0.6853242516517639,0
2026-05-04 21:26:35.528809,person,0.8732638955116272,0
2026-05-04 21:26:35.951452,person,0.8875477910041809,0
2026-05-04 21:26:35.953948,suitcase,0.7112584710121155,0
2026-05-04 21:26:36.326749,person,0.8893061876296997,0
2026-05-04 21:26:36.328834,suitcase,0.5297598838806152,0
2026-05-04 21:26:36.585816,person,0.8837267160415649,0
2026-05-04 21:26:36.588053,suitcase,0.5226830244064331,0
2026-05-04 21:26:36.842802,person,0.902355968952179,0
2026-05-04 21:26:36.845091,suitcase,0.6437515616416931,0
2026-05-04 21:26:37.110168,person,0.8978517055511475,0
2026-05-04 21:26:37.113239,suitcase,0.5452094674110413,0
2026-05-04 21:26:37.362605,person,0.909220278263092,0
2026-05-04 21:26:37.364580,suitcase,0.5291216373443604,0
2026-05-04 21:26:37.769443,person,0.8978376984596252,0
2026-05-04 21:26:37.770704,suitcase,0.5923983454704285,0
2026-05-04 21:26:38.119494,person,0.9024668335914612,0
2026-05-04 21:26:38.121957,suitcase,0.5035992860794067,0
2026-05-04 21:26:38.382507,person,0.9084672927856445,0
2026-05-04 21:26:38.385623,suitcase,0.6587178111076355,0
2026-05-04 21:26:38.632093,person,0.9096252918243408,0
2026-05-04 21:26:38.634942,suitcase,0.6705064177513123,0
2026-05-04 21:26:38.880314,person,0.9091005325317383,0
2026-05-04 21:26:38.882384,suitcase,0.6201722025871277,0
2026-05-04 21:26:39.147639,person,0.9119472503662109,0
2026-05-04 21:26:39.149856,suitcase,0.5733320116996765,0
2026-05-04 21:26:39.387776,person,0.8996593356132507,0
2026-05-04 21:26:39.389416,suitcase,0.6578989624977112,0
2026-05-04 21:26:39.638221,person,0.9058111906051636,0
2026-05-04 21:26:39.642405,suitcase,0.5147903561592102,0
2026-05-04 21:26:39.967123,person,0.9050736427307129,0
2026-05-04 21:26:39.969707,suitcase,0.5962980389595032,0
2026-05-04 21:26:40.222280,person,0.9085720777511597,0
2026-05-04 21:26:40.224617,suitcase,0.521330714225769,0
2026-05-04 21:26:40.463376,person,0.9045239686965942,0
2026-05-04 21:26:40.730773,person,0.898524820804596,0
2026-05-04 21:26:40.734060,suitcase,0.5853809714317322,0
2026-05-04 21:26:41.228364,person,0.8988133668899536,0
2026-05-04 21:26:41.230315,suitcase,0.6703633069992065,0
2026-05-04 21:26:41.487800,person,0.9013854265213013,0
2026-05-04 21:26:41.793854,person,0.889557957649231,0
2026-05-04 21:26:41.796229,suitcase,0.5228624939918518,0
2026-05-04 21:26:42.308240,person,0.8842598795890808,0
2026-05-04 21:26:42.310167,suitcase,0.616267204284668,0
2026-05-04 21:26:42.819133,person,0.8958442211151123,0
2026-05-04 21:26:43.360032,person,0.9120285511016846,0
2026-05-04 21:26:43.362765,suitcase,0.7406225800514221,0
2026-05-04 21:26:43.966627,person,0.8840548992156982,0
2026-05-04 21:26:43.969488,suitcase,0.5255827903747559,0
2026-05-04 21:26:44.539071,person,0.8844590187072754,0
2026-05-04 21:26:44.541753,suitcase,0.6938938498497009,0
2026-05-04 21:26:44.808274,person,0.9329430460929871,0
2026-05-04 21:26:45.073834,person,0.955046534538269,0
2026-05-04 21:26:45.076876,suitcase,0.5197638273239136,0
2026-05-04 21:26:45.340138,person,0.9422497153282166,0
2026-05-04 21:26:45.343345,suitcase,0.5953881144523621,0
2026-05-04 21:26:45.612118,person,0.9441720247268677,0
2026-05-04 21:26:45.615535,suitcase,0.6575496196746826,0
2026-05-04 21:26:46.093936,person,0.9457752108573914,0
2026-05-04 21:26:46.096688,suitcase,0.5519201159477234,0
2026-05-04 21:26:46.587347,person,0.9364290237426758,0
2026-05-04 21:26:46.590349,suitcase,0.5882593393325806,0
2026-05-04 21:26:47.389633,person,0.9327500462532043,0
2026-05-04 21:26:47.392859,suitcase,0.5218433141708374,0
2026-05-04 21:26:47.997831,person,0.9257895946502686,0
2026-05-04 21:26:48.263808,person,0.9279640913009644,0
2026-05-04 21:26:48.266462,suitcase,0.7700506448745728,0
2026-05-04 21:26:48.535081,person,0.8742144703865051,0
2026-05-04 21:26:48.537080,suitcase,0.6198841333389282,0
2026-05-04 21:26:48.791805,person,0.8900575041770935,0
2026-05-04 21:26:49.039260,person,0.7983911633491516,0
2026-05-04 21:26:49.310090,person,0.8005516529083252,0
2026-05-04 21:26:49.312827,suitcase,0.5024829506874084,0
2026-05-04 21:26:49.856076,person,0.7214924693107605,0
2026-05-04 21:26:49.858753,suitcase,0.5033235549926758,0
2026-05-04 21:26:50.171215,person,0.8405879735946655,0
2026-05-04 21:26:50.442099,person,0.8975609540939331,0
2026-05-04 21:26:50.445276,suitcase,0.6036807894706726,0
2026-05-04 21:26:50.683920,person,0.8876901268959045,0
2026-05-04 21:26:50.686114,suitcase,0.7404991984367371,0
2026-05-04 21:26:50.959054,person,0.7964709997177124,0
2026-05-04 21:26:50.961774,suitcase,0.6754599213600159,0
2026-05-04 21:26:51.222781,person,0.8676438331604004,0
2026-05-04 21:26:51.225394,suitcase,0.6097529530525208,0
2026-05-04 21:26:51.501030,person,0.8349762558937073,0
2026-05-04 21:26:51.503704,suitcase,0.6047896146774292,0
2026-05-04 21:26:52.106702,person,0.8197172284126282,0
2026-05-04 21:26:52.667267,person,0.9105996489524841,0
2026-05-04 21:26:52.669776,suitcase,0.5359649062156677,0
2026-05-04 21:26:53.210122,person,0.9309105277061462,0
2026-05-04 21:26:53.212301,suitcase,0.5651363730430603,0
2026-05-04 21:26:53.462620,person,0.8868263959884644,0
2026-05-04 21:26:53.465195,suitcase,0.5052070021629333,0
2026-05-04 21:26:53.735145,person,0.8855868577957153,0
2026-05-04 21:26:54.091092,person,0.9047996997833252,0
2026-05-04 21:26:54.445661,person,0.8950948715209961,0
2026-05-04 21:26:54.695273,person,0.896139919757843,0
2026-05-04 21:26:54.961015,person,0.8898670673370361,0
2026-05-04 21:26:55.364753,person,0.890017569065094,0
2026-05-04 21:26:55.366139,suitcase,0.6036466956138611,0
2026-05-04 21:26:55.652728,person,0.9032326340675354,0
2026-05-04 21:26:55.655126,suitcase,0.6411851048469543,0
2026-05-04 21:26:55.912174,person,0.8347476720809937,0
2026-05-04 21:26:56.166010,person,0.8801274299621582,0
2026-05-04 21:26:56.472429,person,0.8980170488357544,0
2026-05-04 21:26:56.475393,suitcase,0.5375365018844604,0
2026-05-04 21:26:57.321872,person,0.8641765117645264,0
2026-05-04 21:26:57.325467,suitcase,0.6890302300453186,0
2026-05-04 21:26:57.843171,person,0.8665440082550049,0
2026-05-04 21:26:57.846043,suitcase,0.634240984916687,0
2026-05-04 21:26:58.169507,person,0.867725670337677,0
2026-05-04 21:26:58.171624,suitcase,0.6249954104423523,0
2026-05-04 21:26:59.256649,person,0.8621164560317993,0
2026-05-04 21:27:30.643535,person,0.777961790561676,0
2026-05-04 21:27:31.107563,person,0.7352414727210999,0
2026-05-04 21:27:32.365784,person,0.6036564707756042,0
2026-05-04 21:27:32.373177,person,0.5609796643257141,0
2026-05-04 21:27:32.689074,person,0.7801938056945801,0
2026-05-04 21:27:33.014981,person,0.8290539979934692,0
2026-05-04 21:27:33.406659,person,0.8718217015266418,0
2026-05-04 21:27:33.777380,person,0.8256552815437317,0
2026-05-04 21:27:34.152242,person,0.8626837134361267,0
2026-05-04 21:27:34.962343,person,0.8786072134971619,0
2026-05-04 21:27:35.760214,person,0.8592542409896851,0
2026-05-04 21:27:36.082047,person,0.9124502539634705,0
2026-05-04 21:27:36.377488,person,0.931451678276062,0
2026-05-04 21:27:36.796424,person,0.933907151222229,0
2026-05-04 21:27:37.533868,person,0.9346145987510681,0
2026-05-04 21:27:38.476766,person,0.9345263838768005,0
2026-05-04 21:27:39.102600,person,0.9262148141860962,0
2026-05-04 21:27:39.680590,person,0.9336127638816833,0
2026-05-04 21:27:39.985783,person,0.9351763725280762,0
2026-05-04 21:27:40.297951,person,0.9322417974472046,0
2026-05-04 21:27:40.600432,person,0.9393907189369202,0
2026-05-04 21:27:41.509818,person,0.9163210988044739,0
2026-05-04 21:27:42.009181,person,0.9193373918533325,0
2026-05-04 21:27:42.794512,person,0.9241966605186462,0
2026-05-04 21:27:43.110061,person,0.9222207069396973,0
2026-05-04 21:27:43.409652,person,0.9291996359825134,0
2026-05-04 21:27:44.311749,person,0.9247524738311768,0
2026-05-04 21:27:44.836293,person,0.9257601499557495,0
2026-05-04 21:27:45.228194,person,0.9226197004318237,0
2026-05-04 21:27:45.568373,person,0.9271983504295349,0
2026-05-04 21:27:46.255345,person,0.9274777770042419,0
2026-05-04 21:27:46.608905,person,0.9180686473846436,0
2026-05-04 21:27:47.112408,person,0.9302119612693787,0
2026-05-04 21:27:47.805443,person,0.931540310382843,0
2026-05-04 21:27:48.824785,person,0.9330013990402222,0
2026-05-04 21:27:50.166859,person,0.9196300506591797,0
2026-05-04 21:28:13.215258,person,0.8370411396026611,0
2026-05-04 21:28:13.656900,person,0.7541064620018005,0
2026-05-04 21:28:14.045111,person,0.8420179486274719,0
2026-05-04 21:28:14.318878,person,0.8529937267303467,0
2026-05-04 21:28:14.730804,person,0.8660574555397034,0
2026-05-04 21:28:15.238836,person,0.8727120161056519,0
2026-05-04 21:28:15.770737,person,0.8204291462898254,0
2026-05-04 21:28:16.197664,person,0.8005693554878235,0
2026-05-04 21:28:16.677093,person,0.8379366993904114,0
2026-05-04 21:28:16.976643,person,0.8426963090896606,0
2026-05-04 21:28:17.312180,person,0.8598337769508362,0
2026-05-04 21:28:17.665469,person,0.8543103337287903,0
2026-05-04 21:28:17.979421,person,0.8177186846733093,0
2026-05-04 21:28:18.298245,person,0.6949543952941895,0
2026-05-04 21:28:20.420118,person,0.6005138754844666,0
2026-05-04 21:28:21.099750,person,0.6550065875053406,0
2026-05-04 21:28:21.679859,person,0.791327953338623,0
2026-05-04 21:28:22.257131,person,0.6472834944725037,0
2026-05-04 21:28:22.895484,person,0.8218174576759338,0
2026-05-04 21:28:23.334583,person,0.7434760332107544,0
2026-05-04 21:28:23.608107,person,0.8116247057914734,0
2026-05-04 21:28:24.161902,person,0.8544750213623047,0
2026-05-04 21:28:25.287253,person,0.8962327837944031,0
2026-05-04 21:28:26.059045,person,0.8939809799194336,0
2026-05-04 21:28:26.453626,person,0.8452759385108948,0
2026-05-04 21:28:26.789057,person,0.7057415246963501,0
2026-05-04 21:28:27.378698,person,0.7955594062805176,0
2026-05-04 21:28:28.214508,person,0.8356690406799316,0
2026-05-04 21:28:28.874655,person,0.882858395576477,0
2026-05-04 21:28:29.376695,person,0.8355136513710022,0
2026-05-04 21:28:29.665144,person,0.8801442980766296,0
2026-05-04 21:28:29.955128,person,0.8586320281028748,0
2026-05-04 21:28:30.731999,person,0.878974199295044,0
2026-05-04 21:28:31.618334,person,0.8960047364234924,0
2026-05-04 21:28:31.929343,person,0.8579649925231934,0
2026-05-04 21:28:32.573894,person,0.851714551448822,0
2026-05-04 21:28:32.992976,person,0.844336748123169,0
2026-05-04 21:28:33.556090,person,0.8332959413528442,0
2026-05-04 21:28:33.907343,person,0.7348162531852722,0
2026-05-04 21:28:34.659342,person,0.6714549660682678,0
2026-05-04 21:28:35.063504,person,0.7559636831283569,0
2026-05-04 21:28:35.588865,person,0.8223869204521179,0
2026-05-04 21:28:36.010286,person,0.7966983914375305,0
2026-05-04 21:28:36.526613,person,0.8203521966934204,0
2026-05-04 21:28:37.190971,person,0.7017015814781189,0
2026-05-04 21:28:37.881391,person,0.8113892078399658,0
2026-05-04 21:28:38.270383,person,0.7928262948989868,0
2026-05-04 21:28:38.629369,person,0.8479064106941223,0
2026-05-04 21:28:38.935525,person,0.9018062353134155,0
2026-05-04 21:28:39.412309,person,0.8855959177017212,0
2026-05-04 21:28:39.772974,person,0.9269534349441528,0
2026-05-04 21:28:40.568412,person,0.9244142174720764,0
2026-05-04 21:28:40.973317,person,0.90236896276474,0
2026-05-04 21:28:41.456761,person,0.8965827822685242,0
2026-05-04 21:28:41.872557,person,0.9222886562347412,0
2026-05-04 21:28:42.230674,person,0.8870238065719604,0
2026-05-04 21:28:42.522802,person,0.8476516008377075,0
2026-05-04 21:28:43.183414,person,0.8568786382675171,0
2026-05-04 21:28:43.887471,person,0.8812870383262634,0
2026-05-04 21:28:44.247302,person,0.9342045783996582,0
2026-05-04 21:28:44.837004,person,0.5984573364257812,0
2026-05-04 21:28:45.223296,person,0.6799458861351013,0
2026-05-04 21:28:45.734057,person,0.8690513968467712,0
2026-05-04 21:28:46.580954,person,0.8493704795837402,0
2026-05-04 21:28:46.975680,person,0.8750019073486328,0
2026-05-04 21:28:47.326808,person,0.880492627620697,0
2026-05-04 21:28:47.870278,person,0.8164851665496826,0
2026-05-04 21:28:48.460370,person,0.7016162276268005,0
2026-05-04 21:28:48.788607,person,0.819362461566925,0
2026-05-04 21:28:49.218357,person,0.873534619808197,0
2026-05-04 21:28:49.902106,person,0.8879811763763428,0
2026-05-04 21:28:50.179061,person,0.9035463929176331,0
2026-05-04 21:28:50.703527,person,0.8672940135002136,0
2026-05-04 21:28:51.122846,person,0.8288850784301758,0
2026-05-04 21:28:52.923636,person,0.6708948612213135,0
2026-05-04 21:28:53.599896,person,0.6757435202598572,0
2026-05-04 21:28:53.915771,person,0.8147222399711609,0
2026-05-04 21:28:55.278400,person,0.8237771987915039,0
2026-05-04 21:28:55.944168,person,0.5228270888328552,0
2026-05-04 21:28:56.363596,person,0.8165050745010376,0
2026-05-04 21:28:56.367727,cell phone,0.6317618489265442,1
2026-05-04 21:28:57.083137,person,0.8397414088249207,0
2026-05-04 21:28:57.456984,person,0.8814876079559326,0
2026-05-04 21:28:57.460898,cell phone,0.8603520393371582,1
2026-05-04 21:28:57.847253,person,0.8192850351333618,0
2026-05-04 21:28:58.631821,person,0.858609139919281,0
2026-05-04 21:28:58.634589,cell phone,0.6001464128494263,1
2026-05-04 21:28:58.941590,person,0.8760911822319031,0
2026-05-04 21:28:58.949588,cell phone,0.6825602650642395,1
2026-05-04 21:28:59.372101,person,0.8148537278175354,0
2026-05-04 21:29:00.227403,person,0.7935848236083984,0
2026-05-04 21:29:00.876280,person,0.7167820334434509,0
2026-05-04 21:29:01.702326,person,0.6437655687332153,0
2026-05-04 21:29:02.383886,person,0.5472550392150879,0
2026-05-04 21:29:02.964135,person,0.7187214493751526,0
2026-05-04 21:29:03.442605,person,0.6222930550575256,0
2026-05-04 21:29:03.782449,person,0.6473531723022461,0
2026-05-04 21:29:05.299310,person,0.7627590894699097,0
2026-05-04 21:29:05.822048,person,0.6577603220939636,0
2026-05-04 21:29:06.289235,person,0.7803988456726074,0
2026-05-04 21:29:06.591045,person,0.7179900407791138,0
2026-05-04 21:29:07.016006,person,0.6824002265930176,0
2026-05-04 21:29:07.902026,person,0.7380682826042175,0
2026-05-04 21:29:08.280034,person,0.6815756559371948,0
2026-05-04 21:29:08.737964,person,0.5341338515281677,0
2026-05-04 21:29:09.559385,person,0.7238579988479614,0
2026-05-04 21:29:09.869615,person,0.7319498658180237,0
2026-05-04 21:29:10.931106,person,0.7997968196868896,0
2026-05-04 21:29:11.596016,person,0.8232467770576477,0
2026-05-04 21:29:12.175838,person,0.8184292316436768,0
2026-05-04 21:29:12.178829,cell phone,0.7486000061035156,1
2026-05-04 21:29:12.524116,person,0.8181445002555847,0
2026-05-04 21:29:12.528794,remote,0.7593824863433838,0
2026-05-04 21:29:12.817190,person,0.8276878595352173,0
2026-05-04 21:29:13.599498,person,0.7504584193229675,0
2026-05-04 21:29:13.602557,cell phone,0.5092362761497498,1
2026-05-04 21:29:14.150585,person,0.8260213732719421,0
2026-05-04 21:29:14.539582,person,0.8747807741165161,0
2026-05-04 21:29:14.949310,person,0.797456681728363,0
2026-05-04 21:29:14.954491,cell phone,0.7481798529624939,1
2026-05-04 21:29:15.519999,person,0.8503655791282654,0
2026-05-04 21:29:15.526312,remote,0.763698160648346,0
2026-05-04 21:29:15.883520,person,0.7847079634666443,0
2026-05-04 21:29:15.887245,remote,0.551647424697876,0
2026-05-04 21:29:16.691973,person,0.7359285950660706,0
2026-05-04 21:29:17.016668,person,0.6754022240638733,0
2026-05-04 21:29:17.021652,cell phone,0.6253504753112793,1
2026-05-04 21:29:17.437325,person,0.6857154965400696,0
2026-05-04 21:29:17.936663,person,0.6048755049705505,0
2026-05-04 21:29:18.648459,person,0.7752456665039062,0
2026-05-04 21:29:18.921494,person,0.7520046234130859,0
2026-05-04 21:29:19.794692,person,0.8831059336662292,0
2026-05-04 21:29:20.250931,person,0.8247455358505249,0
2026-05-04 21:29:20.730600,person,0.8748074173927307,0
2026-05-04 21:29:21.070504,person,0.8670774102210999,0
2026-05-04 21:29:21.616112,person,0.8035110831260681,0
2026-05-04 21:29:21.874857,person,0.7628090381622314,0
2026-05-04 21:29:22.750591,cell phone,0.7917904257774353,1
2026-05-04 21:29:22.754202,person,0.7154492139816284,1
2026-05-04 21:29:23.113125,cell phone,0.838869035243988,1
2026-05-04 21:29:23.117405,person,0.8051952123641968,1
2026-05-04 21:29:24.987655,person,0.5321312546730042,0
2026-05-04 21:29:26.599036,person,0.5328003168106079,0
2026-05-04 21:29:26.884228,person,0.5885453820228577,0
2026-05-04 21:29:26.891615,person,0.5278557538986206,0
2026-05-04 21:29:27.190699,cell phone,0.5698418021202087,1
2026-05-04 21:29:27.194876,person,0.523004949092865,1
2026-05-04 21:29:29.101683,person,0.599581241607666,0
2026-05-04 21:29:29.523923,cell phone,0.8530306816101074,1
2026-05-04 21:29:29.529895,person,0.6135586500167847,1
2026-05-04 21:29:29.537323,person,0.5947979688644409,1
2026-05-04 21:29:29.817291,remote,0.6539843678474426,0
2026-05-04 21:29:29.824927,cell phone,0.544839084148407,1
2026-05-04 21:29:30.207018,person,0.6164265275001526,0
2026-05-04 21:29:30.214729,remote,0.6108876466751099,0
2026-05-04 21:29:30.225303,remote,0.5223164558410645,0
2026-05-04 21:29:30.696154,cell phone,0.6974039673805237,1
2026-05-04 21:29:31.150922,person,0.6585296988487244,0
2026-05-04 21:29:31.155789,remote,0.627140998840332,0
2026-05-04 21:29:31.166807,remote,0.6204535961151123,0
2026-05-04 21:29:31.632045,person,0.7515766024589539,0
2026-05-04 21:29:31.634398,remote,0.6112240552902222,0
2026-05-04 21:29:32.081857,remote,0.6492577791213989,0
2026-05-04 21:29:32.085755,person,0.6219242811203003,0
2026-05-04 21:29:32.371119,person,0.5355005264282227,0
2026-05-04 21:29:32.664374,person,0.6859819293022156,0
2026-05-04 21:29:33.132684,person,0.7830878496170044,0
2026-05-04 21:29:33.140124,cell phone,0.5469347238540649,1
2026-05-04 21:29:33.811340,person,0.7871257662773132,0
2026-05-04 21:29:34.372225,person,0.7206306457519531,0
2026-05-04 21:29:34.382049,cell phone,0.5142940282821655,1
2026-05-04 21:29:34.764869,person,0.7428940534591675,0
2026-05-04 21:29:35.095826,person,0.6667249202728271,0
2026-05-04 21:29:35.099943,cell phone,0.6540546417236328,1
2026-05-04 21:29:35.800915,person,0.6415955424308777,0
2026-05-04 21:29:35.804472,cell phone,0.544020414352417,1
2026-05-04 21:29:36.439288,person,0.8848513960838318,0
2026-05-04 21:29:36.795277,person,0.6134107708930969,0
2026-05-04 21:29:37.129213,person,0.8505208492279053,0
2026-05-04 21:29:37.501367,person,0.8861756920814514,0
2026-05-04 21:29:38.018979,person,0.8675479292869568,0
2026-05-04 21:29:38.610670,person,0.8406031727790833,0
2026-05-04 21:29:39.356784,person,0.8141508102416992,0
2026-05-04 21:29:40.104060,person,0.7893281579017639,0
2026-05-04 21:29:40.546276,person,0.7277498245239258,0
2026-05-04 21:29:41.115507,person,0.6461310386657715,0
2026-05-04 21:29:42.090211,person,0.7038136124610901,0
2026-05-04 21:29:42.662020,person,0.7550427317619324,0
2026-05-04 21:29:43.195922,person,0.8411463499069214,0
2026-05-04 21:29:43.770935,person,0.8244001865386963,0
2026-05-04 21:29:44.320808,person,0.8077574372291565,0
2026-05-04 21:29:44.805850,person,0.8433486223220825,0
2026-05-04 21:29:45.324665,person,0.8118829727172852,0
2026-05-04 21:29:45.878652,person,0.705622136592865,0
2026-05-04 21:29:46.281342,person,0.7707717418670654,0
2026-05-04 21:29:46.603952,person,0.8345232605934143,0
2026-05-04 21:29:47.166891,person,0.6908499002456665,0
2026-05-04 21:29:47.870631,person,0.5989909768104553,0
2026-05-04 21:29:48.884956,person,0.8513497710227966,0
2026-05-04 21:29:49.619099,person,0.7840540409088135,0
2026-05-04 21:29:50.309855,person,0.7668891549110413,0
2026-05-04 21:29:50.906170,person,0.6899545788764954,0
2026-05-04 21:29:51.485442,person,0.6540274024009705,0
2026-05-04 21:29:52.420500,person,0.8433639407157898,0
2026-05-04 21:29:53.208922,person,0.8767601847648621,0
2026-05-04 21:29:53.834010,person,0.859171450138092,0
2026-05-04 21:29:54.153880,person,0.8365076780319214,0
2026-05-04 21:29:54.475536,person,0.8161936402320862,0
2026-05-04 21:29:54.822273,person,0.8497481942176819,0
2026-05-04 21:29:55.782309,person,0.827860414981842,0
2026-05-04 21:29:56.210493,person,0.8330117464065552,0
2026-05-04 21:29:56.859343,person,0.704912543296814,0
2026-05-04 21:29:57.230453,person,0.8491666316986084,0
2026-05-04 21:29:57.700402,person,0.8657556772232056,0
2026-05-04 21:29:58.680884,person,0.8138344287872314,0
2026-05-04 21:29:59.167059,person,0.8505824208259583,0
2026-05-04 21:29:59.618146,person,0.8643248677253723,0
2026-05-04 21:29:59.910015,person,0.8439273834228516,0
2026-05-04 21:30:00.203831,person,0.826174259185791,0
2026-05-04 21:30:00.668890,person,0.8382095694541931,0
2026-05-04 21:30:01.483740,person,0.7525929808616638,0
2026-05-04 21:30:02.109304,person,0.7886152863502502,0
2026-05-04 21:30:02.492194,person,0.9196685552597046,0
2026-05-04 21:30:02.868084,person,0.9131048917770386,0
2026-05-04 21:30:03.402923,person,0.9138959646224976,0
2026-05-04 21:30:03.945795,person,0.8331143260002136,0
2026-05-04 21:30:05.713700,mouse,0.5418564081192017,0
2026-05-04 21:30:06.974427,person,0.5903291702270508,0
2026-05-04 21:30:07.772320,person,0.6797905564308167,0
2026-05-04 21:30:08.161879,person,0.6048823595046997,0
2026-05-04 21:30:09.704570,toilet,0.5494312644004822,0
2026-05-04 21:30:11.695425,person,0.5639328956604004,0
2026-05-04 21:30:12.762731,person,0.5878479480743408,0
2026-05-04 21:30:13.320323,person,0.5314284563064575,0
2026-05-04 21:30:15.092457,person,0.6218140125274658,0
2026-05-04 21:30:15.462936,person,0.6856866478919983,0
2026-05-04 21:30:15.846942,person,0.6631948947906494,0
2026-05-04 21:30:16.227176,person,0.5915482044219971,0
2026-05-04 21:30:16.796927,person,0.6038140058517456,0
2026-05-04 21:30:17.295194,person,0.6014876365661621,0
2026-05-04 21:30:17.661298,person,0.639255940914154,0
2026-05-04 21:30:18.213735,person,0.6116864085197449,0
2026-05-04 21:30:18.524563,person,0.517556369304657,0
2026-05-04 21:30:40.066990,person,0.6684117317199707,0
2026-05-04 21:30:40.422861,person,0.6826933026313782,0
2026-05-04 21:30:40.698011,person,0.5049914121627808,0
2026-05-04 21:30:41.215286,person,0.5516614317893982,0
2026-05-04 21:30:43.930584,person,0.5052309036254883,0
2026-05-04 21:30:45.352765,person,0.6319602727890015,0
2026-05-04 21:30:45.898203,person,0.5198467969894409,0
2026-05-04 21:30:48.753643,person,0.5195042490959167,0
2026-05-04 21:30:50.704368,person,0.7378073930740356,0
2026-05-04 21:30:51.002112,person,0.7878972291946411,0
2026-05-04 21:30:51.296937,person,0.8038985133171082,0
2026-05-04 21:30:51.780125,person,0.7759830355644226,0
2026-05-04 21:30:52.066366,person,0.658635139465332,0
2026-05-04 21:30:54.221769,person,0.7637193202972412,0
2026-05-04 21:30:54.536770,person,0.5236024856567383,0
2026-05-04 21:30:54.887692,person,0.6509315371513367,0
2026-05-04 21:30:55.282694,person,0.8556895852088928,0
2026-05-04 21:30:55.873742,person,0.8089231252670288,0
2026-05-04 21:30:55.877437,tie,0.5104461312294006,0
2026-05-04 21:30:56.310768,person,0.6139816641807556,0
2026-05-04 21:30:57.466701,person,0.66839599609375,0
2026-05-04 21:30:59.356246,person,0.8204885721206665,0
2026-05-04 21:30:59.833826,person,0.8905848264694214,0
2026-05-04 21:31:00.164587,person,0.8624065518379211,0
2026-05-04 21:31:00.585101,person,0.9026012420654297,0
2026-05-04 21:31:00.861666,person,0.8853229880332947,0
2026-05-04 21:31:01.151503,person,0.8886147737503052,0
2026-05-04 21:31:01.940886,person,0.8980462551116943,0
2026-05-04 21:31:02.525661,person,0.9069026112556458,0
2026-05-04 21:31:02.894446,person,0.917283296585083,0
2026-05-04 21:31:03.174259,person,0.9005056619644165,0
2026-05-04 21:31:03.760496,person,0.9043075442314148,0
2026-05-04 21:31:04.262834,person,0.8831959962844849,0
2026-05-04 21:31:04.910325,person,0.9070570468902588,0
2026-05-04 21:31:05.188913,person,0.66432124376297,0
2026-05-04 21:31:06.380197,person,0.5146461129188538,0
2026-05-04 21:31:06.660360,person,0.5484529137611389,0
2026-05-04 21:31:06.969223,person,0.5008818507194519,0
2026-05-04 21:31:11.552185,person,0.533222496509552,0
2026-05-04 21:31:16.513381,cat,0.5078007578849792,0
2026-05-04 21:31:17.656484,person,0.7654500007629395,0
2026-05-04 21:31:20.237985,cat,0.5706801414489746,0
2026-05-04 21:31:20.503459,cat,0.5540647506713867,0
2026-05-04 21:31:20.741440,cat,0.6009830236434937,0
2026-05-04 21:31:21.076730,cat,0.6261273622512817,0
2026-05-04 21:31:23.341984,person,0.5838533043861389,0
2026-05-04 21:31:24.763549,person,0.5339030027389526,0
2026-05-04 21:31:25.176778,cat,0.5619118213653564,0
2026-05-04 21:31:25.370580,cat,0.5382339358329773,0
2026-05-04 21:31:25.846761,person,0.5335373878479004,0
2026-05-04 21:31:26.378487,cat,0.509321391582489,0
2026-05-04 21:31:26.581799,cat,0.6171427369117737,0
2026-05-04 21:31:27.105090,cat,0.5165611505508423,0
2026-05-04 21:31:27.483837,cat,0.5649375319480896,0
2026-05-04 21:31:28.123402,person,0.5754057765007019,0
2026-05-04 21:31:28.951361,person,0.6352405548095703,0
2026-05-04 21:31:29.893191,person,0.5179905295372009,0
2026-05-04 21:31:30.622320,cat,0.5991493463516235,0
2026-05-04 21:31:30.820436,cat,0.5932946801185608,0
2026-05-04 21:31:31.312672,cat,0.5473992824554443,0
2026-05-04 21:31:32.084920,cat,0.5487187504768372,0
2026-05-04 21:31:32.421869,cat,0.6248469352722168,0
2026-05-04 21:31:33.824385,person,0.7414665222167969,0
2026-05-04 21:31:34.105071,person,0.7195618748664856,0
2026-05-04 21:31:34.404790,person,0.6632562875747681,0
2026-05-04 21:31:35.319442,person,0.5604041814804077,0
2026-05-04 21:31:35.860515,person,0.738673210144043,0
2026-05-04 21:31:36.729051,person,0.6201083660125732,0
2026-05-04 21:31:38.673132,person,0.557740330696106,0
2026-05-04 21:31:38.949556,person,0.7091451287269592,0
2026-05-04 21:31:39.515125,person,0.8271001577377319,0
2026-05-04 21:31:40.575374,person,0.7701560854911804,0
2026-05-04 21:31:41.582032,person,0.809447169303894,0
2026-05-04 21:31:41.962236,person,0.7839080691337585,0
2026-05-04 21:31:42.716829,person,0.8398900032043457,0
2026-05-04 21:31:43.073119,person,0.7954285144805908,0
2026-05-04 21:31:44.108327,person,0.7913856506347656,0
2026-05-04 21:31:44.747450,person,0.7769024968147278,0
2026-05-04 21:31:46.300462,person,0.5010677576065063,0
2026-05-04 21:31:48.046593,person,0.5881354808807373,0
2026-05-04 21:31:48.984227,person,0.5838557481765747,0
2026-05-04 21:31:49.514053,person,0.6576848030090332,0
2026-05-04 21:31:49.962548,person,0.705328643321991,0
2026-05-04 21:31:50.383025,person,0.6374011039733887,0
2026-05-04 21:31:50.687331,person,0.6786926984786987,0
2026-05-04 21:31:52.253741,cat,0.6983656883239746,0
2026-05-04 21:31:53.100537,person,0.7412641048431396,0
2026-05-04 21:31:53.807229,person,0.7097019553184509,0
2026-05-04 21:31:54.282911,person,0.5234465003013611,0
2026-05-04 21:31:56.710157,cat,0.6350942254066467,0
2026-05-04 21:31:57.147947,cat,0.5361847281455994,0
2026-05-04 21:31:57.575020,person,0.6288074851036072,0
2026-05-04 21:31:58.122433,person,0.5680992603302002,0
2026-05-04 21:31:58.853455,person,0.6392306089401245,0
2026-05-04 21:31:59.425323,person,0.5745643973350525,0
2026-05-04 21:32:00.091146,person,0.6672876477241516,0
2026-05-04 21:32:00.621653,person,0.6330847144126892,0
2026-05-04 21:32:01.543081,person,0.6740677952766418,0
2026-05-04 21:32:02.849617,person,0.7150914072990417,0
2026-05-04 21:32:03.630979,person,0.6092312335968018,0
2026-05-04 21:32:05.385904,person,0.6805269718170166,0
2026-05-04 21:32:06.351313,person,0.7042751908302307,0
2026-05-04 21:32:06.806512,person,0.711828351020813,0
2026-05-04 21:32:08.138836,person,0.6399098634719849,0
2026-05-04 21:32:08.833537,person,0.639185905456543,0
2026-05-04 21:32:09.482709,person,0.6282851099967957,0
2026-05-04 21:32:09.485089,person,0.5177796483039856,0
2026-05-04 21:32:09.974788,person,0.7313351035118103,0
2026-05-04 21:32:09.979584,person,0.6845179200172424,0
2026-05-04 21:32:10.442045,person,0.7256175875663757,0
2026-05-04 21:32:10.778397,person,0.5993582010269165,0
2026-05-04 21:32:11.866621,person,0.5885605216026306,0
2026-05-04 21:32:13.128883,person,0.6893922686576843,0
2026-05-04 21:32:13.454336,person,0.771367609500885,0
2026-05-04 21:32:13.792955,person,0.710392951965332,0
2026-05-04 21:32:14.691888,person,0.6309618353843689,0
2026-05-04 21:32:15.121982,person,0.6881115436553955,0
2026-05-04 21:32:15.917911,person,0.7262247800827026,0
2026-05-04 21:32:16.496083,person,0.717410147190094,0
2026-05-04 21:32:17.171495,person,0.6487477421760559,0
2026-05-04 21:32:17.793987,person,0.7126849293708801,0
2026-05-04 21:32:18.193117,person,0.7037317752838135,0
2026-05-04 21:32:18.843567,person,0.6815882921218872,0
2026-05-04 21:32:19.490623,person,0.70476895570755,0
2026-05-04 21:32:20.455962,person,0.6404002904891968,0
2026-05-04 21:32:20.944043,person,0.7350422739982605,0
2026-05-04 21:32:21.358849,person,0.652644693851471,0
2026-05-04 21:32:21.886722,person,0.641912579536438,0
2026-05-04 21:32:22.250775,person,0.6908185482025146,0
2026-05-04 21:32:22.572931,person,0.7465267777442932,0
2026-05-04 21:32:23.122255,person,0.7038207054138184,0
2026-05-04 21:32:23.963139,person,0.7629292011260986,0
2026-05-04 21:32:24.656970,person,0.7314358949661255,0
2026-05-04 21:32:25.412733,person,0.7691564559936523,0
2026-05-04 21:32:25.893619,person,0.7476600408554077,0
2026-05-04 21:32:26.904878,person,0.7073374390602112,0
2026-05-04 21:32:27.333922,person,0.7639011144638062,0
2026-05-04 21:32:27.830774,person,0.7531945705413818,0
2026-05-04 21:32:28.225973,person,0.7901188135147095,0
2026-05-04 21:32:28.600723,person,0.7722868919372559,0
2026-05-04 21:32:28.894552,person,0.7715194821357727,0
2026-05-04 21:32:29.697810,person,0.7605718970298767,0
2026-05-04 21:32:30.100152,person,0.7941110730171204,0
2026-05-04 21:32:30.505655,person,0.7668784856796265,0
2026-05-04 21:32:30.819975,person,0.7456805109977722,0
2026-05-04 21:32:31.278776,person,0.7793165445327759,0
2026-05-04 21:32:31.877396,person,0.7339498400688171,0
2026-05-04 21:32:32.769579,person,0.7735542058944702,0
2026-05-04 21:32:33.189258,person,0.7678478360176086,0
2026-05-04 21:32:33.775841,person,0.7220882773399353,0
2026-05-04 21:32:34.192858,person,0.7814594507217407,0
2026-05-04 21:32:34.770949,person,0.7611690163612366,0
2026-05-04 21:32:35.918473,person,0.7573260068893433,0
2026-05-04 21:32:36.610375,person,0.7728771567344666,0
2026-05-04 21:32:37.145523,person,0.7448842525482178,0
2026-05-04 21:32:37.705847,person,0.7527397274971008,0
2026-05-04 21:32:38.605811,person,0.6414970755577087,0
2026-05-04 21:32:39.401669,person,0.6492863297462463,0
2026-05-04 21:32:39.717687,cat,0.5708712935447693,0
2026-05-04 21:32:40.486964,person,0.5321865081787109,0
2026-05-04 21:32:42.569304,person,0.5114729404449463,0
2026-05-04 21:32:43.144621,cat,0.5242263674736023,0
2026-05-04 21:32:44.562126,person,0.6085233688354492,0
2026-05-04 21:32:45.192562,person,0.5615367293357849,0
2026-05-04 21:32:46.406129,person,0.6767628192901611,0
2026-05-04 21:32:47.268449,person,0.5012111067771912,0
2026-05-04 21:32:47.913616,cat,0.5319550633430481,0
2026-05-04 21:32:49.145234,person,0.5644170045852661,0
2026-05-04 21:32:50.599657,cat,0.5003789067268372,0
2026-05-04 21:32:50.898121,person,0.5548895001411438,0
2026-05-04 21:32:51.482017,person,0.5723628997802734,0
2026-05-04 21:32:52.563992,person,0.5140162706375122,0
2026-05-04 21:32:54.318704,person,0.6152820587158203,0
2026-05-04 21:32:54.691785,person,0.5967525839805603,0
2026-05-04 21:32:55.193003,person,0.6996127963066101,0
2026-05-04 21:32:56.643691,person,0.6413158774375916,0
2026-05-04 21:32:57.229941,person,0.661999523639679,0
2026-05-04 21:32:58.032022,person,0.622736930847168,0
2026-05-04 21:32:58.396723,person,0.6773341298103333,0
2026-05-04 21:32:58.940698,person,0.7117835283279419,0
2026-05-04 21:32:59.717972,person,0.6949113011360168,0
2026-05-04 21:33:00.368843,cat,0.612720251083374,0
2026-05-04 21:33:00.677847,cat,0.6061342358589172,0
2026-05-04 21:33:01.726120,person,0.6917047500610352,0
2026-05-04 21:33:02.394359,person,0.5615652799606323,0
2026-05-04 21:33:04.944641,person,0.6637367606163025,0
2026-05-04 21:33:05.973481,person,0.7372101545333862,0
2026-05-04 21:33:06.306534,person,0.7406827211380005,0
2026-05-04 21:33:06.796462,person,0.6129482984542847,0
2026-05-04 21:33:07.273366,person,0.6905614137649536,0
2026-05-04 21:33:07.593231,person,0.6000413298606873,0
2026-05-04 21:33:07.925048,person,0.6411138772964478,0
2026-05-04 21:33:08.333945,person,0.6206791400909424,0
2026-05-04 21:33:08.920587,person,0.5017653107643127,0
2026-05-04 21:33:09.687136,person,0.6851435303688049,0
2026-05-04 21:33:09.936416,person,0.535446286201477,0
2026-05-04 21:33:11.366461,person,0.5537680387496948,0
2026-05-04 21:33:13.233849,cat,0.6739012598991394,0
2026-05-04 21:33:17.127478,person,0.5827369689941406,0
2026-05-04 21:33:17.560027,person,0.558273434638977,0
2026-05-04 21:33:17.563988,person,0.505442202091217,0
2026-05-04 21:33:17.898875,person,0.6915656328201294,0
2026-05-04 21:33:18.938983,person,0.5557666420936584,0
2026-05-04 21:33:19.329643,person,0.6460967063903809,0
2026-05-04 21:33:19.665059,person,0.6274701952934265,0
2026-05-04 21:33:20.084628,person,0.6851926445960999,0
2026-05-04 21:33:20.892778,person,0.6767066717147827,0
2026-05-04 21:33:21.724424,person,0.6817840933799744,0
2026-05-04 21:33:22.412096,person,0.6304222941398621,0
2026-05-04 21:33:22.999196,person,0.7068109512329102,0
2026-05-04 21:33:23.621188,person,0.6239027976989746,0
2026-05-04 21:33:25.289578,person,0.5893624424934387,0
2026-05-04 21:33:25.294103,person,0.5795588493347168,0
2026-05-04 21:33:28.272428,person,0.6209279298782349,0
2026-05-04 21:33:29.651530,person,0.5297706723213196,0
2026-05-04 21:33:30.947905,person,0.5531340837478638,0
2026-05-04 21:33:31.295647,person,0.7033785581588745,0
2026-05-04 21:33:31.733750,person,0.7020398378372192,0
2026-05-04 21:33:32.072495,person,0.5897764563560486,0
2026-05-04 21:33:32.358000,person,0.6125433444976807,0
2026-05-04 21:33:33.044290,person,0.5582939982414246,0
2026-05-04 21:33:35.380257,person,0.5962756872177124,0
2026-05-04 21:33:36.914363,person,0.6825148463249207,0
2026-05-04 21:33:37.275382,person,0.527872622013092,0
2026-05-04 21:33:37.797107,person,0.5023629665374756,0
2026-05-04 21:33:38.091058,person,0.571954607963562,0
2026-05-04 21:33:40.511182,person,0.7424344420433044,0
2026-05-04 21:33:40.816114,person,0.7216365933418274,0
2026-05-04 21:33:41.163950,person,0.776801347732544,0
2026-05-04 21:33:41.479179,person,0.78069669008255,0
2026-05-04 21:33:41.886812,person,0.7035364508628845,0
2026-05-04 21:33:42.356927,person,0.7141784429550171,0
2026-05-04 21:33:42.775786,person,0.7714837193489075,0
2026-05-04 21:33:43.204132,person,0.7347530722618103,0
2026-05-04 21:33:43.513791,person,0.7583239078521729,0
2026-05-04 21:33:44.237838,person,0.7542257308959961,0
2026-05-04 21:33:44.616622,person,0.7503301501274109,0
2026-05-04 21:33:44.963492,person,0.7216906547546387,0
2026-05-04 21:33:45.275526,person,0.733747124671936,0
2026-05-04 21:33:45.749945,person,0.731384813785553,0
2026-05-04 21:33:46.263083,person,0.7041020393371582,0
2026-05-04 21:33:47.562856,person,0.7367929220199585,0
2026-05-04 21:33:47.884473,person,0.7184005379676819,0
2026-05-04 21:33:48.368939,person,0.6627109050750732,0
2026-05-04 21:33:48.816982,person,0.6956620216369629,0
2026-05-04 21:33:49.269160,person,0.6605322957038879,0
2026-05-04 21:33:50.085941,person,0.70719313621521,0
2026-05-04 21:33:50.568748,person,0.7134075164794922,0
2026-05-04 21:33:51.213838,person,0.6981450319290161,0
2026-05-04 21:33:51.808906,person,0.7381834983825684,0
2026-05-04 21:33:52.108884,person,0.6984654664993286,0
2026-05-04 21:33:53.632424,person,0.6695835590362549,0
2026-05-04 21:33:53.996843,person,0.6548259854316711,0
2026-05-04 21:33:54.300331,person,0.6891152262687683,0
2026-05-04 21:33:54.931631,person,0.7102407217025757,0
2026-05-04 21:33:55.258337,person,0.7081586718559265,0
2026-05-04 21:33:56.483448,person,0.7510941028594971,0
2026-05-04 21:33:56.932582,person,0.7082223296165466,0
2026-05-04 21:33:57.234807,person,0.6558374166488647,0
2026-05-04 21:34:03.019817,cat,0.5173882842063904,0
2026-05-04 21:34:08.789344,person,0.6492059826850891,0
2026-05-04 21:34:09.121435,person,0.6732986569404602,0
2026-05-04 21:34:12.705173,person,0.5721970200538635,0
2026-05-04 21:34:17.066660,person,0.545427143573761,0
2026-05-04 21:34:17.346484,person,0.5271121859550476,0
2026-05-04 21:34:18.066412,person,0.5178201794624329,0
2026-05-04 21:34:23.616564,cat,0.5060760378837585,0
2026-05-04 21:34:25.739976,cat,0.5123390555381775,0
2026-05-04 21:34:27.629384,person,0.563155472278595,0
2026-05-04 21:34:28.381790,person,0.5460416674613953,0
2026-05-04 21:34:29.601955,person,0.683590829372406,0
2026-05-04 21:34:31.004605,person,0.5536405444145203,0
2026-05-04 21:34:33.702357,cat,0.5763072371482849,0
2026-05-04 21:34:34.338538,person,0.6745045185089111,0
2026-05-04 21:34:34.699756,person,0.7558952569961548,0
2026-05-04 21:34:35.055058,person,0.7092791795730591,0
2026-05-04 21:34:35.642213,person,0.7133178114891052,0
2026-05-04 21:34:35.915540,person,0.741889476776123,0
2026-05-04 21:34:36.302229,person,0.7352358102798462,0
2026-05-04 21:34:36.706688,person,0.747920036315918,0
2026-05-04 21:34:38.140358,person,0.7511467337608337,0
2026-05-04 21:34:38.481815,person,0.7195985913276672,0
2026-05-04 21:34:39.144974,person,0.5658977627754211,0
2026-05-04 21:34:41.616029,person,0.5933035612106323,0
2026-05-04 21:34:41.900680,person,0.5018050670623779,0
2026-05-04 21:34:42.225204,person,0.6618495583534241,0
2026-05-04 21:34:43.328672,person,0.6679044961929321,0
2026-05-04 21:34:43.976226,person,0.6415510177612305,0
2026-05-04 21:34:44.403086,person,0.6057050824165344,0
2026-05-04 21:34:44.847280,person,0.5947186946868896,0
2026-05-04 21:34:45.280362,person,0.5856144428253174,0
2026-05-04 21:34:46.946644,person,0.632957935333252,0
2026-05-04 21:34:47.590713,person,0.5244481563568115,0
2026-05-04 21:34:48.190597,person,0.6414949893951416,0
2026-05-04 21:34:48.557294,person,0.565735936164856,0
2026-05-04 21:34:49.749131,person,0.6435251832008362,0
2026-05-04 21:34:50.153221,person,0.5928521156311035,0
2026-05-04 21:34:50.648251,person,0.6855487823486328,0
2026-05-04 21:34:50.956795,person,0.5961878895759583,0
2026-05-04 21:34:51.500413,person,0.6070453524589539,0
2026-05-04 21:34:55.915559,person,0.6134611964225769,0
2026-05-04 21:34:57.231207,person,0.6928843259811401,0
2026-05-04 21:35:01.425191,person,0.5842192769050598,0
2026-05-04 21:35:02.263701,person,0.6163970232009888,0
2026-05-04 21:35:03.595049,person,0.5487340092658997,0
2026-05-04 21:35:06.759684,person,0.6636824607849121,0
2026-05-04 21:35:11.310747,person,0.5179020762443542,0
2026-05-04 21:35:14.227565,person,0.7027334570884705,0
2026-05-04 21:35:14.739915,person,0.5136427879333496,0
2026-05-04 21:35:15.022763,person,0.6077881455421448,0
2026-05-04 21:35:30.083894,cat,0.6433508396148682,0
2026-05-04 21:35:46.749865,person,0.5369229316711426,0
2026-05-04 21:35:50.531439,person,0.5105273723602295,0
2026-05-04 21:35:52.223634,person,0.5768816471099854,0
2026-05-04 21:35:54.663496,person,0.5450217723846436,0
2026-05-04 21:35:58.842738,person,0.5496014952659607,0
2026-05-04 21:36:06.243531,person,0.5865957736968994,0
2026-05-04 21:36:09.111656,person,0.5264790058135986,0
2026-05-04 21:36:10.329817,person,0.513329267501831,0
2026-05-04 21:36:10.646963,person,0.5755476355552673,0
2026-05-04 21:36:11.361379,person,0.567865252494812,0
2026-05-04 21:36:11.798519,person,0.606927752494812,0
2026-05-04 21:36:30.996199,cat,0.5525722503662109,0
2026-05-04 21:36:40.513220,person,0.6098589897155762,0
2026-05-04 21:36:40.734802,person,0.5232022404670715,0
2026-05-04 21:36:41.343485,person,0.5261843204498291,0
2026-05-04 21:36:41.638809,person,0.5783010125160217,0
2026-05-04 21:36:42.251263,person,0.6975981593132019,0
2026-05-04 21:36:42.647491,person,0.5245727300643921,0
2026-05-04 21:36:42.940553,person,0.5188897848129272,0
2026-05-04 21:36:44.840422,person,0.5024730563163757,0
2026-05-04 21:36:45.135603,cat,0.5893439054489136,0
2026-05-04 21:36:45.468222,person,0.5959654450416565,0
2026-05-04 21:36:46.118461,cat,0.5380731821060181,0
2026-05-04 21:36:48.996376,cat,0.523125410079956,0
2026-05-04 21:36:49.271891,cat,0.5324511528015137,0
2026-05-04 21:36:51.327486,cat,0.5813034772872925,0
2026-05-04 21:36:56.503023,person,0.508938193321228,0
2026-05-04 21:36:58.004143,cat,0.5312042236328125,0
2026-05-04 21:37:01.202567,person,0.5559845566749573,0
2026-05-04 21:37:03.040991,person,0.5107373595237732,0
2026-05-04 21:37:03.489750,cat,0.5169703364372253,0
2026-05-04 21:37:04.814307,cat,0.5868607759475708,0
2026-05-04 21:37:07.948435,person,0.5471859574317932,0
2026-05-04 21:37:08.507472,person,0.5123853087425232,0
2026-05-04 21:37:09.904455,person,0.5151847004890442,0
2026-05-04 21:37:10.217146,cat,0.5209333896636963,0
2026-05-04 21:37:11.781203,cat,0.5138983130455017,0
2026-05-04 21:37:14.903973,cat,0.5665444731712341,0
2026-05-04 21:37:17.019266,person,0.500699520111084,0
2026-05-04 21:37:17.543692,cat,0.5436214804649353,0
2026-05-04 21:37:20.612698,person,0.5802119970321655,0
2026-05-04 21:37:22.666218,cat,0.532367467880249,0
2026-05-04 21:37:24.540119,person,0.5470072627067566,0
2026-05-04 21:37:24.806895,person,0.5963020920753479,0
2026-05-04 21:37:26.283444,person,0.5711858868598938,0
2026-05-04 21:37:28.232683,person,0.5313251614570618,0
2026-05-04 21:37:29.981039,person,0.5020008683204651,0
2026-05-04 21:37:30.445962,person,0.5300085544586182,0
2026-05-04 21:37:31.811084,person,0.532216489315033,0
2026-05-04 21:37:35.836596,person,0.5273303389549255,0
2026-05-04 21:37:36.096831,person,0.6256275177001953,0
2026-05-04 21:37:36.512011,cat,0.5401787161827087,0
2026-05-04 21:37:37.296968,person,0.5345990061759949,0
2026-05-04 21:37:39.017930,cat,0.5022162199020386,0
2026-05-04 21:37:40.141743,person,0.554193913936615,0
2026-05-04 21:37:40.145843,cat,0.5384790301322937,0
2026-05-04 21:37:40.420639,person,0.6764936447143555,0
2026-05-04 21:37:41.082063,person,0.5022312998771667,0
2026-05-04 21:37:41.871443,person,0.5620526075363159,0
2026-05-04 21:37:42.153775,person,0.524432897567749,0
2026-05-04 21:37:42.411793,person,0.6624338626861572,0
2026-05-04 21:37:42.820252,person,0.5867370367050171,0
2026-05-04 21:37:42.823131,cat,0.5110914707183838,0
2026-05-04 21:37:43.111165,person,0.5046718120574951,0
2026-05-04 21:37:43.951184,cat,0.5732927322387695,0
2026-05-04 21:37:44.483426,person,0.6855677366256714,0
2026-05-04 21:37:45.269955,person,0.6451077461242676,0
2026-05-04 21:37:45.726222,cat,0.5084114074707031,0
2026-05-04 21:37:45.733500,person,0.5013720393180847,0
2026-05-04 21:37:46.595320,person,0.5259230732917786,0
2026-05-04 21:37:47.605334,cat,0.5208632349967957,0
2026-05-04 21:37:48.452376,person,0.5667471885681152,0
2026-05-04 21:37:49.205700,cat,0.5434678196907043,0
2026-05-04 21:37:49.444801,person,0.5024322271347046,0
2026-05-04 21:37:49.711482,person,0.508055567741394,0
2026-05-04 21:37:50.980216,cat,0.5313151478767395,0
2026-05-04 21:37:54.982888,person,0.602904200553894,0
2026-05-04 21:37:55.448211,person,0.5528941750526428,0
2026-05-04 21:37:55.795012,person,0.695797860622406,0
2026-05-04 21:37:56.334560,person,0.567534327507019,0
2026-05-04 21:37:56.739419,person,0.7058428525924683,0
2026-05-04 21:37:57.462143,person,0.6554878354072571,0
2026-05-04 21:37:58.170555,person,0.7188806533813477,0
2026-05-04 21:37:58.851294,person,0.5641143918037415,0
2026-05-04 21:38:04.527655,person,0.5310495495796204,0
2026-05-04 21:38:05.040664,person,0.5382176041603088,0
2026-05-04 21:38:12.282072,person,0.5158845782279968,0
2026-05-04 21:38:14.174358,person,0.5112964510917664,0
2026-05-04 21:38:14.907115,person,0.522010326385498,0
2026-05-04 21:38:15.403921,person,0.5233979225158691,0
2026-05-04 21:38:19.251128,person,0.5206875205039978,0
2026-05-04 21:38:19.515853,person,0.6499411463737488,0
2026-05-04 21:38:19.911994,person,0.5407974720001221,0
2026-05-04 21:38:20.297879,person,0.6292043924331665,0
2026-05-04 21:38:21.146705,person,0.7540944218635559,0
2026-05-04 21:38:21.524601,person,0.7617560029029846,0
2026-05-04 21:38:21.819063,person,0.7760916948318481,0
2026-05-04 21:38:22.178191,person,0.6749554872512817,0
2026-05-04 21:38:22.456621,person,0.7680557370185852,0
2026-05-04 21:38:22.675055,person,0.7459454536437988,0
2026-05-04 21:38:22.925524,person,0.6227922439575195,0
2026-05-04 21:38:23.152503,person,0.7606599926948547,0
2026-05-04 21:38:23.398476,person,0.7283509969711304,0
2026-05-04 21:38:23.646878,person,0.6164945363998413,0
2026-05-04 21:38:24.907851,person,0.7458058595657349,0
2026-05-04 21:38:29.840857,person,0.5346806049346924,0
2026-05-04 21:38:31.638964,person,0.5058284997940063,0
2026-05-04 21:38:36.872014,person,0.5598796010017395,0
2026-05-04 21:38:45.896233,cat,0.5076658725738525,0
2026-05-04 21:38:46.540785,cat,0.5279766917228699,0
2026-05-04 21:38:50.741813,cat,0.5117513537406921,0
2026-05-04 21:38:51.023482,cat,0.7267014384269714,0
2026-05-04 21:38:54.115004,cat,0.5030662417411804,0
2026-05-04 21:38:56.304708,cat,0.5680050253868103,0
2026-05-04 21:38:57.701685,person,0.5040132999420166,0
2026-05-04 21:39:00.099827,person,0.570506751537323,0
2026-05-04 21:39:00.513410,person,0.618903636932373,0
2026-05-04 21:39:01.429308,person,0.5734299421310425,0
2026-05-04 21:39:02.274821,person,0.6575174927711487,0
2026-05-04 21:39:02.623357,person,0.5922401547431946,0
2026-05-04 21:39:02.918595,person,0.6499995589256287,0
2026-05-04 21:39:03.240157,person,0.6476613283157349,0
2026-05-04 21:39:03.581333,person,0.6112726330757141,0
2026-05-04 21:39:04.799249,person,0.5535353422164917,0
2026-05-04 21:39:05.878656,person,0.6186923980712891,0
2026-05-04 21:39:06.449378,person,0.8004565238952637,0
2026-05-04 21:39:07.824273,person,0.7970423698425293,0
2026-05-04 21:39:08.210959,person,0.7695596218109131,0
2026-05-04 21:39:09.744609,person,0.7884839177131653,0
2026-05-04 21:39:10.175639,person,0.7100633382797241,0
2026-05-04 21:39:11.087466,person,0.6062114238739014,0
2026-05-04 21:39:11.907372,person,0.6733447909355164,0
2026-05-04 21:39:11.910223,person,0.5389782786369324,0
2026-05-04 21:39:12.298296,person,0.6916946768760681,0
2026-05-04 21:39:14.408865,cat,0.5319011807441711,0
2026-05-04 21:39:15.939511,cat,0.5756041407585144,0
2026-05-04 21:41:10.618094,person,0.5354534983634949,1
2026-05-04 21:41:11.560540,person,0.5549328327178955,1
2026-05-04 21:41:13.370205,person,0.7232884168624878,1
2026-05-04 21:41:14.048752,person,0.7962790727615356,1
2026-05-04 21:42:21.463140,cat,0.5949206948280334,0
2026-05-04 21:42:22.266132,cat,0.5095847249031067,0
2026-05-04 21:42:24.011791,cat,0.5793417096138,0
2026-05-04 21:42:25.159627,cat,0.5186742544174194,0
2026-05-04 21:42:25.404303,cat,0.5244168639183044,0
2026-05-04 21:42:26.507823,cat,0.5042286515235901,0
2026-05-04 21:42:27.217102,cat,0.5185020565986633,0
2026-05-04 21:42:27.442560,cat,0.5336847901344299,0
2026-05-04 21:43:11.522628,cat,0.5536308288574219,0
2026-05-04 21:43:11.805630,cat,0.5222731828689575,0
2026-05-04 21:43:12.012960,cat,0.5263779759407043,0
2026-05-04 21:43:12.789612,cat,0.5027843117713928,0
2026-05-04 21:43:13.626386,cat,0.5663091540336609,0
2026-05-04 21:43:13.943366,cat,0.5581727623939514,0
2026-05-04 21:43:16.253138,cat,0.5335140824317932,0
2026-05-04 21:43:16.751426,cat,0.56789231300354,0
2026-05-04 21:43:18.065392,cat,0.6206930875778198,0
2026-05-04 21:43:18.381259,cat,0.5923832058906555,0
2026-05-04 21:43:18.897802,cat,0.5733084678649902,0
2026-05-04 21:43:19.315169,cat,0.5740112066268921,0
2026-05-04 21:43:19.740043,cat,0.5294790863990784,0
2026-05-04 21:43:20.193173,cat,0.5679623484611511,0
2026-05-04 21:43:20.870822,cat,0.5133473873138428,0
2026-05-04 21:43:32.129474,cat,0.5353206992149353,0
2026-05-04 21:43:32.484268,cat,0.5294947624206543,0
2026-05-04 21:44:06.675259,person,0.6074995994567871,1
2026-05-04 21:44:06.933725,person,0.6103865504264832,1
2026-05-04 21:44:07.401423,person,0.5366301536560059,1
2026-05-04 21:44:08.526643,person,0.6304082870483398,1
2026-05-04 21:44:09.392862,person,0.6982080340385437,1
2026-05-04 21:44:10.607755,person,0.6769416928291321,1
2026-05-04 21:44:11.799606,person,0.7746790051460266,1
2026-05-04 21:44:12.683423,person,0.6047458648681641,1
2026-05-04 21:44:12.963867,person,0.6685426831245422,1
2026-05-04 21:44:13.411940,person,0.5561828017234802,1
2026-05-04 21:44:16.133542,person,0.7376939058303833,1
2026-05-04 21:44:16.486661,person,0.7488796710968018,1
2026-05-04 21:44:17.224575,person,0.7197418808937073,1
2026-05-04 21:44:18.098987,person,0.5587480664253235,1
2026-05-04 21:44:19.641002,cat,0.5334569811820984,0
2026-05-04 21:44:22.192973,person,0.5241262912750244,1
2026-05-04 21:44:22.578029,person,0.6217328310012817,1
2026-05-04 21:44:22.906698,person,0.5711371898651123,1
2026-05-04 21:44:23.431207,person,0.5833986401557922,1
2026-05-04 21:44:27.557152,person,0.5422680974006653,1
2026-05-04 21:44:30.115497,person,0.6216447353363037,1
2026-05-04 21:44:30.829819,person,0.5568578243255615,1
2026-05-04 21:44:31.427518,person,0.6697606444358826,1
2026-05-04 21:44:32.321874,person,0.7351118922233582,1
2026-05-04 21:44:33.233761,person,0.6751123070716858,1
2026-05-04 21:44:33.600416,person,0.7079524397850037,1
2026-05-04 21:44:34.262763,person,0.714387834072113,1
2026-05-04 21:44:34.561247,person,0.5889739990234375,1
2026-05-04 21:44:34.967656,person,0.6839243173599243,1
2026-05-04 21:44:35.500488,person,0.6990396976470947,1
2026-05-04 21:44:36.409371,person,0.789434552192688,1
2026-05-04 21:44:36.710214,person,0.6897857189178467,1
2026-05-04 21:44:37.056394,person,0.6476813554763794,1
2026-05-04 21:44:37.437348,person,0.7030588984489441,1
2026-05-04 21:44:37.775262,person,0.6850050687789917,1
2026-05-04 21:44:38.200911,person,0.639194667339325,1
2026-05-04 21:44:39.172662,person,0.7488657236099243,1
2026-05-04 21:44:39.472470,person,0.7142091989517212,1
2026-05-04 21:44:39.836909,person,0.6683089137077332,1
2026-05-04 21:44:40.467562,person,0.7188304662704468,1
2026-05-04 21:44:41.039054,person,0.6962828040122986,1
2026-05-04 21:44:41.664929,person,0.7425104975700378,1
2026-05-04 21:44:42.348403,person,0.7542992234230042,1
2026-05-04 21:44:42.725000,person,0.6501027941703796,1
2026-05-04 21:44:43.109522,person,0.719578206539154,1
2026-05-04 21:44:43.397294,person,0.7419353723526001,1
2026-05-04 21:44:44.070792,person,0.6943998336791992,1
2026-05-04 21:44:44.796458,person,0.6953677535057068,1
2026-05-04 21:44:45.540709,person,0.7027433514595032,1
2026-05-04 21:44:46.098866,person,0.7284175753593445,1
2026-05-04 21:44:46.708758,person,0.7075533866882324,1
2026-05-04 21:44:47.295160,person,0.6688804626464844,1
2026-05-04 21:44:47.728743,person,0.6849086880683899,1
2026-05-04 21:44:48.064699,person,0.6677749752998352,1
2026-05-04 21:44:48.653746,person,0.6076581478118896,1
2026-05-04 21:44:49.430224,person,0.6745491027832031,1
2026-05-04 21:44:50.174578,person,0.7513290643692017,1
2026-05-04 21:44:50.673159,person,0.7883635759353638,1
2026-05-04 21:44:51.303642,person,0.7616653442382812,1
2026-05-04 21:44:52.529368,person,0.6830734610557556,1
2026-05-04 21:44:53.205091,person,0.7155625820159912,1
2026-05-04 21:44:53.654529,person,0.7722297310829163,1
2026-05-04 21:44:54.060007,person,0.80623459815979,1
2026-05-04 21:44:54.437756,person,0.7494555711746216,1
2026-05-04 21:44:55.624490,person,0.7891749739646912,1
2026-05-04 21:44:56.189393,person,0.7048730850219727,1
2026-05-04 21:44:56.645318,person,0.6669934391975403,1
2026-05-04 21:44:57.000423,person,0.7000749707221985,1
2026-05-04 21:44:59.275483,person,0.6351193189620972,1
2026-05-04 21:45:00.578824,person,0.5345593690872192,1
2026-05-04 21:45:03.145715,person,0.5628064870834351,1
2026-05-04 21:45:05.379690,person,0.5034458041191101,1
2026-05-04 21:45:06.613156,person,0.6657959222793579,1
2026-05-04 21:45:08.518404,person,0.6415472626686096,1
2026-05-04 21:45:08.924132,person,0.6528417468070984,1
2026-05-04 21:45:09.195972,person,0.6080427765846252,1
2026-05-04 21:45:09.478642,person,0.63909912109375,1
2026-05-04 21:45:10.349242,person,0.628474235534668,1
2026-05-04 21:45:10.947654,person,0.7120897769927979,1
2026-05-04 21:45:11.516984,person,0.6491389274597168,1
2026-05-04 21:45:12.896579,person,0.7010167837142944,1
2026-05-04 21:45:13.519427,person,0.7150360345840454,1
2026-05-04 21:45:14.105977,person,0.6512339115142822,1
2026-05-04 21:45:14.655281,person,0.6364556550979614,1
2026-05-04 21:45:14.957146,person,0.669347882270813,1
2026-05-04 21:45:15.613885,person,0.6562509536743164,1
2026-05-04 21:45:15.930731,person,0.6882261037826538,1
2026-05-04 21:45:16.665698,person,0.5625377297401428,1
2026-05-04 21:45:17.589971,person,0.5842992067337036,1
2026-05-04 21:45:18.035228,person,0.6369102597236633,1
2026-05-04 21:45:18.729913,person,0.5467367172241211,1
2026-05-04 21:45:19.044663,person,0.635514497756958,1
2026-05-04 21:45:19.899470,person,0.665134608745575,1
2026-05-04 21:45:20.332353,person,0.6465401649475098,1
2026-05-04 21:45:21.100089,person,0.6431077122688293,1
2026-05-04 21:45:21.415011,person,0.6387462615966797,1
2026-05-04 21:45:21.798253,person,0.639489471912384,1
2026-05-04 21:45:22.110450,person,0.702207088470459,1
2026-05-04 21:45:23.047219,person,0.7239952087402344,1
2026-05-04 21:45:23.427324,person,0.6527157425880432,1
2026-05-04 21:45:25.047959,cat,0.5440984964370728,0
2026-05-04 21:45:25.600585,cat,0.5963459610939026,0
2026-05-04 21:45:26.214991,cat,0.545832633972168,0
2026-05-04 21:45:38.856793,person,0.7280182838439941,1
2026-05-04 21:45:39.779070,person,0.618478000164032,1
2026-05-04 21:45:40.054129,person,0.7289672493934631,1
2026-05-04 21:45:40.369632,person,0.8392313122749329,1
2026-05-04 21:45:41.204505,person,0.8081090450286865,1
2026-05-04 21:45:41.640054,person,0.8260400891304016,1
2026-05-04 21:45:42.217777,person,0.7531496286392212,1
2026-05-04 21:45:44.125710,person,0.56232750415802,1
2026-05-04 21:45:44.693878,cat,0.528975248336792,0
2026-05-04 21:45:47.143894,person,0.7815322875976562,1
2026-05-04 21:45:47.605785,person,0.78877854347229,1
2026-05-04 21:45:48.424547,person,0.7317278385162354,1
2026-05-04 21:45:48.816550,person,0.722817599773407,1
2026-05-04 21:45:49.087758,person,0.782554030418396,1
2026-05-04 21:45:49.505269,person,0.8115004897117615,1
2026-05-04 21:45:49.852912,person,0.789760172367096,1
2026-05-04 21:45:50.309050,person,0.7937353849411011,1
2026-05-04 21:45:51.087287,person,0.8000654578208923,1
2026-05-04 21:45:55.244462,person,0.5866639614105225,1
2026-05-04 21:45:55.875951,person,0.6810060143470764,1
2026-05-04 21:45:56.552986,person,0.7391133308410645,1
2026-05-04 21:45:57.203356,person,0.7936773896217346,1
2026-05-04 21:45:58.189846,person,0.6821348071098328,1
2026-05-04 21:45:59.033582,person,0.6906397342681885,1
2026-05-04 21:45:59.597176,person,0.6686584949493408,1
2026-05-04 21:46:00.056926,person,0.7519007921218872,1
2026-05-04 21:46:00.954475,person,0.6226953268051147,1
2026-05-04 21:46:01.298923,person,0.6367149353027344,1
2026-05-04 21:46:01.685820,person,0.5844634771347046,1
2026-05-04 21:46:02.115600,person,0.6965499520301819,1
2026-05-04 21:46:02.489916,person,0.7744259238243103,1
2026-05-04 21:46:02.846042,person,0.7694315314292908,1
2026-05-04 21:46:03.135156,person,0.7453620433807373,1
2026-05-04 21:46:04.027951,person,0.712403416633606,1
2026-05-04 21:46:04.520621,person,0.7612248659133911,1
2026-05-04 21:46:04.814612,person,0.7384909987449646,1
2026-05-04 21:46:05.117754,person,0.651790976524353,1
2026-05-04 21:46:05.417459,person,0.7595557570457458,1
2026-05-04 21:46:05.991261,person,0.7409428358078003,1
2026-05-04 21:46:07.008793,person,0.6848355531692505,1
2026-05-04 21:46:07.605853,person,0.6725406050682068,1
2026-05-04 21:46:07.907098,person,0.7335410118103027,1
2026-05-04 21:46:08.341679,person,0.7796067595481873,1
2026-05-04 21:46:08.770072,person,0.6675866842269897,1
2026-05-04 21:46:09.067513,person,0.7239981293678284,1
2026-05-04 21:46:10.128258,person,0.7072158455848694,1
2026-05-04 21:46:10.515460,person,0.7036558985710144,1
2026-05-04 21:46:11.102283,person,0.5537238717079163,1
2026-05-04 21:46:11.678141,person,0.6826974749565125,1
2026-05-04 21:46:12.225152,person,0.6947895288467407,1
2026-05-04 21:46:13.197094,person,0.7277145981788635,1
2026-05-04 21:46:13.655977,person,0.6862624287605286,1
2026-05-04 21:46:13.948604,person,0.764476478099823,1
2026-05-04 21:46:14.328589,person,0.7647477388381958,1
2026-05-04 21:46:15.355303,person,0.7515772581100464,1
2026-05-04 21:46:16.315778,person,0.7095237970352173,1
2026-05-04 21:46:16.697882,person,0.7548117637634277,1
2026-05-04 21:46:17.287840,person,0.7762849926948547,1
2026-05-04 21:46:17.597910,person,0.7600049376487732,1
2026-05-04 21:46:18.235113,person,0.7011892795562744,1
2026-05-04 21:46:19.423353,person,0.7584248185157776,1
2026-05-04 21:46:19.980309,person,0.7769895792007446,1
2026-05-04 21:46:20.436805,person,0.7726821303367615,1
2026-05-04 21:46:21.040235,person,0.7331096529960632,1
2026-05-04 21:46:22.044297,person,0.7382700443267822,1
2026-05-04 21:46:22.505459,person,0.7047355771064758,1
2026-05-04 21:46:23.364383,person,0.7033618688583374,1
2026-05-04 21:46:24.359443,person,0.5378434658050537,1
2026-05-04 21:46:26.559332,person,0.6555827856063843,1
2026-05-04 21:46:27.138020,person,0.7695245742797852,1
2026-05-04 21:46:28.411670,person,0.7231250405311584,1
2026-05-04 21:46:28.809596,person,0.6611059308052063,1
2026-05-04 21:46:29.198385,person,0.6835072636604309,1
2026-05-04 21:46:29.832257,person,0.7247653007507324,1
2026-05-04 21:46:30.255766,person,0.6815658807754517,1
2026-05-04 21:46:31.161127,person,0.6341627240180969,1
2026-05-04 21:46:31.665392,person,0.6637223362922668,1
2026-05-04 21:46:32.231755,person,0.687082827091217,1
2026-05-04 21:46:32.692256,person,0.6995936036109924,1
2026-05-04 21:46:33.250019,person,0.7329961061477661,1
2026-05-04 21:46:34.453644,person,0.5283570885658264,1
2026-05-04 21:46:34.960324,person,0.5459356904029846,1
2026-05-04 21:46:35.386964,person,0.605962872505188,1
2026-05-04 21:46:35.698325,person,0.5767955183982849,1
2026-05-04 21:46:36.018808,person,0.5862157940864563,1
2026-05-04 21:46:36.404605,person,0.7425642013549805,1
2026-05-04 21:46:37.275092,person,0.6845845580101013,1
2026-05-04 21:46:37.614288,person,0.5144883990287781,1
2026-05-04 21:46:37.978411,person,0.5677008032798767,1
2026-05-04 21:46:38.380839,person,0.5213534832000732,1
2026-05-04 21:46:38.834914,person,0.5567929744720459,1
2026-05-04 21:46:39.284234,person,0.7492898106575012,1
2026-05-04 21:46:40.289862,person,0.6886345744132996,1
2026-05-04 21:46:40.592740,person,0.681869387626648,1
2026-05-04 21:46:40.895828,person,0.7147925496101379,1
2026-05-04 21:46:41.396486,person,0.7531646490097046,1
2026-05-04 21:46:41.776629,person,0.7255699038505554,1
2026-05-04 21:46:42.310283,person,0.7608197331428528,1
2026-05-04 21:46:43.321830,person,0.722237229347229,1
2026-05-04 21:46:44.127851,person,0.5326430797576904,1
2026-05-04 21:46:45.150969,person,0.6928330659866333,1
2026-05-04 21:46:46.921906,person,0.7452020645141602,1
2026-05-04 21:46:49.603342,person,0.743089497089386,1
2026-05-04 21:46:50.197391,person,0.8120803236961365,1
2026-05-04 21:46:50.606006,person,0.6510542035102844,1
2026-05-04 21:46:53.384299,person,0.7476505041122437,1
2026-05-04 21:46:55.317939,person,0.6797789335250854,1
2026-05-04 21:46:55.796469,person,0.7319170236587524,1
2026-05-04 21:46:57.016080,person,0.726334810256958,1
2026-05-04 21:46:58.607046,person,0.7298362255096436,1
2026-05-04 21:46:59.299199,person,0.6898423433303833,1
2026-05-04 21:46:59.928002,person,0.7884237766265869,1
2026-05-04 21:47:00.301738,person,0.7628834843635559,1
2026-05-04 21:47:00.846018,person,0.7824855446815491,1
2026-05-04 21:47:01.333166,person,0.7682153582572937,1
2026-05-04 21:47:01.717468,person,0.7715458869934082,1
2026-05-04 21:47:02.354970,person,0.7629559636116028,1
2026-05-04 21:47:02.951522,person,0.7778245806694031,1
2026-05-04 21:47:04.087915,person,0.7405229210853577,1
2026-05-04 21:47:05.025860,person,0.737312912940979,1
2026-05-04 21:47:05.757140,person,0.7632308602333069,1
2026-05-04 21:47:06.414157,person,0.7735167145729065,1
2026-05-04 21:47:07.977227,person,0.7613635659217834,1
2026-05-04 21:47:08.607548,person,0.7092648148536682,1
2026-05-04 21:47:09.140303,person,0.7285860180854797,1
2026-05-04 21:47:10.567054,person,0.7586629390716553,1
2026-05-04 21:47:11.336697,person,0.7811117768287659,1
2026-05-04 21:47:11.794164,person,0.6295363903045654,1
2026-05-04 21:47:12.115406,person,0.8044268488883972,1
2026-05-04 21:47:12.468807,person,0.7635325789451599,1
2026-05-04 21:47:13.459122,person,0.7369154691696167,1
2026-05-04 21:47:14.114122,person,0.7277240753173828,1
2026-05-04 21:47:14.987368,person,0.7530831694602966,1
2026-05-04 21:47:16.702404,person,0.7241863012313843,1
2026-05-04 21:47:17.040945,person,0.7693652510643005,1
2026-05-04 21:47:17.712446,person,0.7364009022712708,1
2026-05-04 21:47:18.023417,person,0.7362638711929321,1
2026-05-04 21:47:18.434548,person,0.7873345017433167,1
2026-05-04 21:47:19.492932,person,0.7800337672233582,1
2026-05-04 21:47:20.098331,person,0.7232081294059753,1
2026-05-04 21:47:20.396372,person,0.739336371421814,1
2026-05-04 21:47:20.695200,person,0.7304065823554993,1
2026-05-04 21:47:21.047058,person,0.7086336612701416,1
2026-05-04 21:47:21.825656,person,0.7408055663108826,1
2026-05-04 21:47:22.424448,person,0.776093602180481,1
2026-05-04 21:47:22.935546,person,0.7458314299583435,1
2026-05-04 21:47:23.399538,person,0.6905107498168945,1
2026-05-04 21:47:23.792640,person,0.7518683671951294,1
2026-05-04 21:47:24.368371,person,0.7770292162895203,1
2026-05-04 21:47:25.222492,person,0.7899146676063538,1
2026-05-04 21:47:25.722474,person,0.7711356282234192,1
2026-05-04 21:47:26.716405,person,0.6158469915390015,1
2026-05-04 21:47:27.074714,person,0.7517451643943787,1
2026-05-04 21:47:27.472588,person,0.7197049856185913,1
2026-05-04 21:47:28.282384,person,0.7379180192947388,1
2026-05-04 21:47:28.799116,person,0.7049850821495056,1
2026-05-04 21:47:29.083581,person,0.5996110439300537,1
2026-05-04 21:47:29.395025,person,0.597667396068573,1
2026-05-04 21:47:29.684633,person,0.6452943682670593,1
2026-05-04 21:47:30.105357,person,0.7311884760856628,1
2026-05-04 21:47:30.405779,person,0.673126757144928,1
2026-05-04 21:47:31.366836,person,0.5751123428344727,1
2026-05-04 21:47:32.579481,person,0.6876641511917114,1
2026-05-04 21:47:33.050615,person,0.8047711849212646,1
2026-05-04 21:47:34.195457,person,0.7527664303779602,1
2026-05-04 21:47:34.737338,person,0.7621335983276367,1
2026-05-04 21:47:35.813448,person,0.7320935130119324,1
2026-05-04 21:47:36.275883,person,0.7577305436134338,1
2026-05-04 21:47:36.520901,person,0.7739729881286621,1
2026-05-04 21:47:37.746316,person,0.7236251831054688,1
2026-05-04 21:47:38.121944,person,0.754951536655426,1
2026-05-04 21:47:38.839909,person,0.7552670836448669,1
2026-05-04 21:47:39.451499,person,0.7391921281814575,1
2026-05-04 21:47:40.916523,person,0.7291905283927917,1
2026-05-04 21:47:41.709011,person,0.7260058522224426,1
2026-05-04 21:47:42.325278,person,0.7384200692176819,1
2026-05-04 21:47:43.755161,person,0.8141158223152161,1
2026-05-04 21:47:44.084069,person,0.6190334558486938,1
2026-05-04 21:47:44.419521,person,0.5166133046150208,1
2026-05-04 21:47:44.999518,person,0.7185189127922058,1
2026-05-04 21:47:46.178331,person,0.5806455016136169,1
2026-05-04 21:47:46.463694,person,0.7903884649276733,1
2026-05-04 21:47:47.004889,person,0.7338904738426208,1
2026-05-04 21:47:47.468514,person,0.713786780834198,1
2026-05-04 21:47:47.904737,person,0.7778342366218567,1
2026-05-04 21:47:50.314861,person,0.7976112365722656,1
2026-05-04 21:47:50.932111,person,0.8242447376251221,1
2026-05-04 21:47:51.578259,person,0.83123779296875,1
2026-05-04 21:47:52.133659,person,0.8079964518547058,1
2026-05-04 21:47:52.785748,person,0.8372898101806641,1
2026-05-04 21:47:53.471393,person,0.8146611452102661,1
2026-05-04 21:47:54.341798,person,0.8392510414123535,1
2026-05-04 21:47:54.759788,person,0.8256158828735352,1
2026-05-04 21:47:55.216279,person,0.8151347637176514,1
2026-05-04 21:47:55.505973,person,0.8016504049301147,1
2026-05-04 21:47:55.872943,person,0.7977996468544006,1
2026-05-04 21:47:56.318447,person,0.8086019158363342,1
2026-05-04 21:47:56.610028,person,0.8262316584587097,1
2026-05-04 21:47:56.865921,person,0.7901603579521179,1
2026-05-04 21:47:57.270688,person,0.7759904265403748,1
2026-05-04 21:47:57.557298,person,0.8289374113082886,1
2026-05-04 21:47:58.002886,person,0.8015564680099487,1
2026-05-04 21:47:58.329529,person,0.8284105658531189,1
2026-05-04 21:47:58.894953,person,0.7754884362220764,1
2026-05-04 21:47:59.391655,person,0.7446302175521851,1
2026-05-04 21:48:00.229538,person,0.5933318734169006,1
2026-05-04 21:48:00.666352,person,0.6220411062240601,1
2026-05-04 21:48:01.111898,person,0.7032643556594849,1
2026-05-04 21:48:01.494885,person,0.6768763065338135,1
2026-05-04 21:48:02.039341,person,0.6664463877677917,1
2026-05-04 21:48:02.719820,person,0.7400645613670349,1
2026-05-04 21:48:03.105980,person,0.7139415740966797,1
2026-05-04 21:48:03.475667,person,0.7225051522254944,1
2026-05-04 21:48:03.842787,person,0.7259771227836609,1
2026-05-04 21:48:04.269993,person,0.6574017405509949,1
2026-05-04 21:48:06.622086,person,0.6874988675117493,1
2026-05-04 21:48:07.472083,person,0.6154305934906006,1
2026-05-04 21:48:07.920044,person,0.6527485251426697,1
2026-05-04 21:48:08.435530,person,0.721376895904541,1
2026-05-04 21:48:09.221860,person,0.7231487035751343,1
2026-05-04 21:48:11.266863,person,0.5085816979408264,1
2026-05-04 21:48:11.613932,person,0.5356383323669434,1
2026-05-04 21:48:13.645083,person,0.556620717048645,1
2026-05-04 21:48:14.806369,person,0.5357807278633118,1
2026-05-04 21:48:15.252021,person,0.6568599939346313,1
2026-05-04 21:48:15.832110,person,0.546113133430481,1
2026-05-04 21:48:16.343524,person,0.6925575137138367,1
2026-05-04 21:48:16.688599,person,0.6586555242538452,1
2026-05-04 21:48:16.992752,person,0.5556110143661499,1
2026-05-04 21:48:16.999355,person,0.5174249410629272,2
2026-05-04 21:48:17.305015,person,0.6519304513931274,1
2026-05-04 21:48:18.015631,person,0.5498861074447632,1
2026-05-04 21:48:18.018138,person,0.5027368068695068,2
2026-05-04 21:48:18.293905,person,0.6474404335021973,1
2026-05-04 21:48:19.230817,person,0.7068265676498413,1
2026-05-04 21:48:19.464011,person,0.630305290222168,1
2026-05-04 21:48:19.861523,person,0.6938039064407349,1
2026-05-04 21:48:20.243496,person,0.7187684178352356,1
2026-05-04 21:48:20.706657,person,0.6280530095100403,1
2026-05-04 21:48:21.146787,person,0.7560534477233887,1
2026-05-04 21:48:21.415593,person,0.673834502696991,1
2026-05-04 21:48:21.763906,person,0.7138533592224121,1
2026-05-04 21:48:22.255035,person,0.6093942523002625,1
2026-05-04 21:48:23.491880,person,0.789724588394165,1
2026-05-04 21:48:23.857258,person,0.6863558292388916,1
2026-05-04 21:48:23.860221,person,0.5782536864280701,2
2026-05-04 21:48:24.217904,person,0.733130931854248,1
2026-05-04 21:48:24.521633,person,0.7644771933555603,1
2026-05-04 21:48:24.784962,person,0.745198667049408,1
2026-05-04 21:48:25.042322,person,0.7226668000221252,1
2026-05-04 21:48:25.291218,person,0.6563471555709839,1
2026-05-04 21:48:25.509878,person,0.6364970207214355,1
2026-05-04 21:48:25.753164,person,0.6829243302345276,1
2026-05-04 21:48:26.050231,person,0.7290452718734741,1
2026-05-04 21:48:26.321165,person,0.7057729363441467,1
2026-05-04 21:48:26.798771,person,0.7664992213249207,1
2026-05-04 21:48:27.092443,person,0.6168693900108337,1
2026-05-04 21:48:27.666578,person,0.5766885876655579,1
2026-05-04 21:48:27.995038,person,0.6375223398208618,1
2026-05-04 21:48:28.308160,person,0.5654250383377075,1
2026-05-04 21:48:29.619199,person,0.6081015467643738,1
2026-05-04 21:48:31.142264,person,0.6684340238571167,1
2026-05-04 21:48:32.267310,person,0.7686733603477478,1
2026-05-04 21:48:32.596687,person,0.8333342671394348,1
2026-05-04 21:48:32.960922,person,0.6858006715774536,1
2026-05-04 21:48:33.266541,person,0.8147624135017395,1
2026-05-04 21:48:33.712905,person,0.831102728843689,1
2026-05-04 21:48:34.020926,person,0.7643018960952759,1
2026-05-04 21:48:34.260770,person,0.7516829371452332,1
2026-05-04 21:48:34.592462,person,0.7845844030380249,1
2026-05-04 21:48:34.877147,person,0.7723174095153809,1
2026-05-04 21:48:35.179478,person,0.7979998588562012,1
2026-05-04 21:48:35.512360,person,0.795197069644928,1
2026-05-04 21:48:35.767798,person,0.8019953966140747,1
2026-05-04 21:48:36.142870,person,0.8168222904205322,1
2026-05-04 21:48:36.408885,person,0.7732466459274292,1
2026-05-04 21:48:36.698022,person,0.7874845862388611,1
2026-05-04 21:48:36.931563,person,0.8275198340415955,1
2026-05-04 21:48:37.157032,person,0.8296898007392883,1
2026-05-04 21:48:37.429810,person,0.8107228875160217,1
2026-05-04 21:48:37.696258,person,0.8322598934173584,1
2026-05-04 21:48:37.932770,person,0.8088898062705994,1
2026-05-04 21:48:38.188547,person,0.7750836610794067,1
2026-05-04 21:48:38.415823,person,0.7548357844352722,1
2026-05-04 21:48:38.650943,person,0.7976226210594177,1
2026-05-04 21:48:38.928491,person,0.8176409006118774,1
2026-05-04 21:48:39.218790,person,0.7905387878417969,1
2026-05-04 21:48:39.443013,person,0.7608131170272827,1
2026-05-04 21:48:39.685256,person,0.7163704037666321,1
2026-05-04 21:48:40.800533,person,0.5957467555999756,1
2026-05-04 21:48:42.102752,person,0.5451428294181824,1
2026-05-04 21:48:42.554453,person,0.5126386880874634,1
2026-05-04 21:48:43.252980,person,0.7281952500343323,1
2026-05-04 21:48:43.534380,person,0.6009908318519592,1
2026-05-04 21:48:43.835427,person,0.7488619089126587,1
2026-05-04 21:48:44.313979,person,0.7716143727302551,1
2026-05-04 21:48:44.676526,person,0.7259659171104431,1
2026-05-04 21:48:44.962282,person,0.676165759563446,1
2026-05-04 21:48:45.293534,person,0.6328778862953186,1
2026-05-04 21:48:45.575196,person,0.650771975517273,1
2026-05-04 21:48:45.953183,person,0.7237530946731567,1
2026-05-04 21:48:46.373608,person,0.6964431405067444,1
2026-05-04 21:48:47.331914,person,0.7037386894226074,1
2026-05-04 21:48:47.836078,person,0.738750696182251,1
2026-05-04 21:48:48.393431,person,0.7239774465560913,1
2026-05-04 21:48:49.315262,person,0.7998937964439392,1
2026-05-04 21:48:50.051915,person,0.7639674544334412,1
2026-05-04 21:48:50.998372,person,0.7593775391578674,1
2026-05-04 21:48:51.661975,person,0.7646998763084412,1
2026-05-04 21:48:52.367263,person,0.7994425892829895,1
2026-05-04 21:48:54.170964,person,0.7448763847351074,1
2026-05-04 21:48:54.799094,person,0.7903329133987427,1
2026-05-04 21:48:55.107307,person,0.7051295638084412,1
2026-05-04 21:48:55.415298,person,0.6995454430580139,1
2026-05-04 21:48:55.704960,person,0.7173747420310974,1
2026-05-04 21:48:56.037213,person,0.7026890516281128,1
2026-05-04 21:48:56.668982,person,0.6795336604118347,1
2026-05-04 21:48:57.440552,person,0.6925679445266724,1
2026-05-04 21:48:58.328256,person,0.703252375125885,1
2026-05-04 21:48:58.987647,person,0.6661624312400818,1
2026-05-04 21:48:59.810313,person,0.544579029083252,1
2026-05-04 21:49:00.229824,person,0.7168779969215393,1
2026-05-04 21:49:00.591764,person,0.6688500642776489,1
2026-05-04 21:49:01.070081,person,0.5346100926399231,1
2026-05-04 21:49:01.522073,person,0.537476658821106,1
2026-05-04 21:49:01.536452,person,0.5177618861198425,2
2026-05-04 21:49:01.966483,person,0.6060078740119934,1
2026-05-04 21:49:02.426140,person,0.5989130735397339,1
2026-05-04 21:49:02.952327,person,0.5939967036247253,1
2026-05-04 21:49:04.815954,person,0.6281081438064575,1
